lead_id,numberOfStatuses
59371,2
59372,2
59373,4
59374,1
59375,7
59376,2
59377,3
59378,4
59379,5
59380,1
59381,5
59382,7
59384,2
59385,4
59386,2
59388,1
59389,4
59390,2
59392,2
59393,2
59394,4
59395,4
59396,2
59397,3
59398,2
59399,2
59400,3
59401,2
59402,1
59404,1
59405,2
59406,2
59407,1
59408,1
59410,2
59411,1
59412,4
59414,3
59415,1
59417,2
59418,2
59419,6
59420,1
59421,4
59422,3
59423,3
59426,4
59427,1
59429,4
59430,2
59431,2
59432,4
59433,1
59434,3
59437,8
59440,4
59442,4
59443,1
59444,4
59445,1
59446,1
59447,3
59448,2
59449,2
59450,3
59451,3
59452,5
59453,2
59456,1
59457,5
59458,2
59459,2
59460,3
59461,2
59462,2
59463,2
59465,6
59466,9
59467,3
59469,2
59470,2
59471,1
59472,1
59473,1
59474,1
59475,5
59476,2
59477,4
59478,2
59479,2
59480,6
59481,4
59482,8
59483,3
59484,1
59485,2
59486,2
59487,2
59488,2
59489,2
59490,2
59491,4
59493,2
59494,6
59495,4
59496,4
59498,2
59499,6
59500,1
59501,2
59502,6
59503,3
59505,5
59506,3
59508,3
59509,3
59510,4
59511,1
59512,3
59514,6
59515,2
59516,1
59517,4
59518,2
59519,4
59521,11
59522,4
59523,3
59524,2
59525,2
59526,5
59527,5
59528,2
59529,8
59531,3
59532,4
59533,4
59535,2
59537,2
59538,1
59539,1
59540,1
59541,3
59542,6
59543,5
59544,1
59545,3
59546,2
59547,5
59548,1
59549,1
59550,5
59552,5
59553,3
59554,4
59555,3
59556,1
59557,1
59558,2
59559,2
59560,2
59562,3
59563,1
59564,3
59565,2
59567,1
59568,2
59569,2
59570,1
59571,2
59572,2
59573,4
59574,2
59575,2
59576,2
59577,6
59578,4
59579,2
59580,4
59581,2
59582,1
59583,3
59584,7
59585,2
59586,5
59587,2
59588,3
59589,2
59590,7
59591,3
59593,4
59594,2
59596,4
59597,1
59599,2
59600,4
59601,2
59602,1
59603,5
59604,1
59605,2
59606,1
59607,2
59608,1
59609,2
59610,2
59611,3
59612,2
59613,2
59614,1
59615,1
59616,2
59617,4
59618,2
59620,2
59621,1
59622,2
59624,3
59625,5
59627,2
59629,4
59630,2
59632,1
59633,5
59635,4
59636,2
59637,3
59638,3
59639,2
59640,8
59641,3
59642,2
59643,2
59644,4
59646,2
59647,2
59648,3
59649,2
59652,2
59653,4
59655,1
59656,2
59657,5
59658,3
59659,1
59660,5
59661,5
59662,1
59663,2
59664,3
59665,3
59666,4
59667,3
59668,2
59669,3
59670,3
59671,1
59672,1
59673,3
59674,1
59675,2
59676,2
59677,4
59678,3
59679,2
59680,1
59681,9
59682,2
59683,3
59684,5
59685,1
59686,3
59688,2
59689,2
59691,6
59692,2
59693,1
59695,4
59696,3
59697,9
59698,1
59699,2
59701,4
59702,3
59703,6
59704,1
59705,5
59706,3
59707,2
59709,1
59710,2
59711,3
59712,3
59713,3
59714,2
59715,4
59717,7
59718,2
59722,3
59723,1
59724,4
59725,3
59727,2
59728,3
59732,2
59734,5
59735,5
59736,3
59737,2
59740,2
59741,4
59742,2
59743,2
59746,1
59747,3
59749,2
59750,3
59751,2
59752,2
59755,2
59756,1
59757,1
59758,6
59759,9
59760,2
59761,2
59762,6
59764,2
59765,4
59768,10
59769,2
59770,1
59771,2
59772,2
59773,3
59774,5
59775,2
59777,3
59779,3
59780,2
59781,2
59782,3
59784,2
59785,2
59786,2
59788,2
59789,3
59790,5
59791,1
59792,4
59793,2
59795,2
59796,5
59797,4
59798,4
59799,2
59800,1
59802,2
59804,4
59810,2
59813,2
59818,5
59821,2
59822,2
59823,3
59824,4
59825,2
59828,1
59829,2
59840,2
59841,2
59861,4
59863,1
59866,2
59873,1
59874,1
59875,2
59878,2
59880,4
59885,3
59888,2
59889,3
59891,2
59894,2
59898,2
59900,2
59903,5
59906,2
59907,8
59914,2
59917,4
59920,1
59921,2
59924,2
59929,6
59930,2
59931,5
59933,2
59934,3
59935,6
59936,2
59937,6
59940,3
59941,2
59942,1
59946,4
59951,4
59955,4
59958,2
59959,2
59960,3
59962,2
59966,2
59967,1
59969,1
59970,4
59972,4
59975,2
59980,1
59982,4
59984,2
59985,2
59986,2
59987,3
59988,2
59989,2
59990,1
59994,1
59995,2
60003,5
60004,2
60005,2
60006,1
60007,1
60008,5
60010,6
60013,2
60014,2
60016,5
60017,2
60018,2
60019,4
60022,4
60025,4
60028,5
60029,4
60030,2
60031,2
60034,8
60035,2
60036,3
60037,2
60038,1
60039,4
60040,2
60041,3
60044,1
60045,1
60047,3
60048,6
60049,1
60051,2
60054,3
60055,2
60057,2
60058,2
60062,4
60063,4
60064,5
60068,1
60069,3
60070,1
60071,2
60072,3
60073,3
60074,3
60076,2
60077,4
60079,2
60080,3
60083,1
60084,2
60086,2
60087,1
60088,3
60089,4
60092,3
60093,2
60095,2
60102,1
60104,5
60106,1
60109,13
60110,2
60111,2
60113,1
60116,8
60117,3
60119,3
60121,1
60122,2
60123,1
60125,6
60126,4
60127,2
60128,2
60129,3
60131,2
60134,3
60135,2
60136,4
60138,4
60139,2
60140,1
60141,4
60142,4
60144,2
60145,2
60146,2
60147,5
60148,6
60149,2
60151,6
60152,11
60153,2
60154,4
60155,2
60156,3
60157,3
60158,8
60161,2
60163,2
60164,1
60165,3
60166,5
60167,1
60169,2
60170,1
60171,2
60172,2
60173,4
60174,3
60175,1
60177,1
60179,1
60180,5
60181,1
60184,2
60185,1
60186,1
60188,2
60189,3
60191,4
60192,3
60195,4
60197,1
60198,1
60199,2
60200,2
60201,2
60202,6
60203,3
60204,2
60205,1
60206,4
60207,2
60209,2
60210,3
60212,4
60213,2
60214,2
60215,2
60217,2
60218,5
60219,3
60221,3
60222,3
60223,5
60224,2
60226,2
60227,4
60228,3
60229,4
60232,1
60233,2
60234,2
60236,2
60237,3
60238,4
60239,5
60240,6
60241,3
60242,7
60243,2
60244,1
60246,3
60247,3
60248,2
60250,1
60251,3
60252,1
60253,2
60255,3
60256,2
60257,4
60258,8
60259,1
60260,1
60261,3
60262,2
60263,1
60264,1
60265,1
60266,1
60267,1
60268,4
60269,3
60270,2
60272,1
60273,4
60274,2
60275,2
60276,2
60277,2
60278,2
60279,4
60280,8
60281,3
60282,1
60284,3
60285,3
60287,1
60288,1
60289,2
60290,2
60291,1
60292,2
60293,4
60294,4
60295,2
60296,4
60297,2
60298,2
60299,2
60300,3
60302,1
60303,2
60304,3
60305,4
60306,3
60307,2
60308,2
60309,3
60310,2
60311,5
60312,2
60313,10
60314,2
60315,4
60316,8
60317,2
60318,4
60319,3
60320,2
60321,5
60322,6
60323,2
60324,2
60325,1
60326,1
60327,2
60328,2
60329,3
60330,5
60331,6
60332,2
60333,1
60334,3
60335,4
60336,4
60337,3
60338,1
60339,2
60340,6
60341,2
60342,1
60343,8
60344,2
60345,3
60346,2
60347,1
60348,3
60349,2
60350,2
60352,2
60353,1
60354,9
60357,2
60359,3
60363,3
60371,2
60374,2
60377,2
60379,2
60380,3
60381,3
60382,2
60383,3
60386,2
60387,2
60388,2
60389,2
60390,3
60391,1
60392,2
60393,4
60394,2
60395,4
60396,2
60397,4
60398,4
60401,1
60402,4
60403,1
60404,1
60405,2
60406,4
60407,5
60408,1
60409,1
60410,3
60411,2
60412,2
60413,7
60414,4
60415,2
60418,2
60419,1
60420,2
60421,3
60423,2
60424,4
60425,2
60426,3
60427,4
60428,2
60429,2
60430,4
60431,3
60432,3
60433,2
60434,4
60435,4
60436,2
60437,2
60438,1
60439,4
60440,4
60441,1
60442,2
60443,2
60444,2
60445,2
60446,2
60447,2
60448,1
60449,3
60450,1
60451,3
60452,5
60453,2
60454,3
60455,2
60456,2
60458,1
60459,1
60460,2
60461,2
60462,3
60463,4
60465,1
60466,5
60467,2
60468,1
60469,7
60470,3
60471,2
60472,2
60473,2
60474,11
60475,2
60477,1
60478,10
60479,2
60480,1
60482,3
60485,2
60486,2
60487,3
60488,2
60489,2
60490,2
60491,5
60492,3
60493,2
60494,2
60495,5
60496,2
60497,4
60498,2
60500,1
60502,4
60503,2
60504,3
60507,2
60508,5
60509,3
60510,1
60511,2
60512,4
60514,2
60515,2
60516,1
60517,2
60518,6
60519,4
60520,7
60522,1
60523,4
60524,5
60526,4
60528,4
60529,2
60530,1
60531,3
60532,4
60533,2
60534,1
60535,3
60536,3
60537,4
60538,2
60539,4
60540,5
60541,2
60542,4
60544,2
60545,2
60547,4
60548,2
60549,3
60550,2
60551,5
60552,4
60553,1
60554,2
60555,6
60557,2
60558,4
60559,4
60560,3
60561,2
60563,1
60564,3
60566,1
60567,4
60568,6
60569,2
60570,1
60572,4
60573,2
60574,4
60575,1
60576,2
60577,4
60579,4
60580,4
60581,4
60582,1
60583,5
60584,2
60585,2
60586,7
60587,8
60589,2
60590,2
60591,5
60592,4
60593,4
60594,2
60595,3
60596,4
60597,4
60598,2
60599,4
60600,1
60601,3
60602,2
60604,3
60605,3
60606,2
60607,1
60608,4
60610,7
60611,3
60612,2
60613,2
60614,2
60615,1
60616,1
60617,4
60618,3
60619,6
60620,9
60622,4
60623,1
60624,1
60625,1
60626,3
60628,4
60629,2
60630,2
60631,2
60632,3
60633,2
60634,4
60635,2
60636,1
60637,6
60638,4
60639,3
60640,2
60641,3
60642,3
60643,11
60644,7
60645,6
60646,3
60649,4
60651,2
60653,3
60654,1
60655,4
60656,1
60657,2
60658,4
60659,2
60660,2
60661,7
60662,1
60665,2
60666,6
60667,10
60668,2
60669,1
60671,1
60674,7
60676,4
60677,4
60678,2
60679,2
60680,1
60681,2
60682,1
60683,1
60684,2
60685,1
60686,8
60687,4
60688,4
60689,4
60690,2
60691,3
60692,4
60693,2
60694,6
60695,2
60696,2
60697,3
60698,1
60699,2
60700,2
60701,4
60702,2
60703,2
60704,4
60705,2
60706,1
60707,4
60708,2
60709,2
60710,1
60711,2
60712,2
60713,1
60715,2
60717,1
60718,2
60719,1
60721,2
60722,2
60723,2
60724,4
60725,2
60726,1
60727,2
60728,6
60729,5
60730,1
60731,2
60732,7
60733,3
60734,2
60735,4
60736,2
60740,3
60741,4
60742,2
60743,3
60744,2
60746,2
60747,1
60748,4
60749,1
60750,4
60751,3
60752,7
60754,1
60755,2
60756,2
60757,2
60758,2
60759,4
60760,3
60761,1
60763,1
60764,2
60765,2
60766,3
60767,5
60768,3
60769,1
60770,4
60771,1
60773,2
60774,4
60775,2
60776,2
60777,2
60778,2
60779,1
60781,4
60782,2
60783,2
60784,3
60785,1
60786,3
60788,3
60789,7
60791,4
60792,4
60793,3
60795,1
60796,2
60797,2
60798,3
60799,2
60800,2
60801,5
60802,1
60803,2
60804,4
60805,3
60806,1
60807,2
60808,1
60809,1
60810,1
60811,1
60812,1
60813,2
60814,4
60815,1
60817,2
60820,1
60821,2
60822,3
60823,3
60824,3
60825,4
60826,2
60827,4
60828,2
60829,4
60830,3
60831,2
60832,3
60834,3
60835,1
60836,2
60837,1
60838,3
60839,3
60840,3
60841,1
60842,4
60844,2
60845,2
60846,7
60847,1
60848,2
60849,2
60851,3
60852,3
60853,2
60854,2
60855,2
60857,4
60858,1
60859,5
60860,4
60861,4
60862,4
60863,4
60864,2
60865,2
60866,2
60867,1
60868,3
60869,2
60870,3
60871,3
60873,6
60874,2
60875,2
60876,5
60877,7
60879,2
60880,2
60882,7
60883,2
60884,2
60885,2
60887,3
60888,3
60889,1
60891,6
60892,1
60893,1
60894,2
60895,2
60896,1
60897,2
60898,2
60899,8
60904,2
60905,6
60908,2
60910,2
60911,2
60921,2
60924,10
60925,2
60926,2
60936,2
60938,4
60940,6
60941,4
60949,1
60951,2
60952,2
60955,6
60956,5
60957,4
60958,2
60960,3
60961,2
60963,2
60964,1
60965,4
60966,1
60967,2
60968,4
60969,1
60970,2
60971,2
60972,2
60975,1
60976,4
60977,2
60978,2
60979,2
60980,2
60981,1
60982,1
60983,1
60985,1
60988,1
60989,5
60990,3
60991,1
60992,4
60993,1
60995,2
60996,2
60997,2
60999,2
61001,8
61002,2
61003,2
61004,1
61005,2
61006,4
61007,2
61009,2
61010,2
61012,1
61014,2
61016,2
61017,2
61018,4
61019,1
61020,2
61021,3
61022,2
61023,5
61027,4
61028,1
61029,6
61030,4
61031,6
61032,4
61033,1
61034,1
61036,1
61037,2
61038,4
61039,4
61040,2
61041,2
61042,1
61043,3
61044,4
61045,2
61046,4
61048,2
61049,3
61050,3
61051,4
61052,5
61053,2
61054,1
61055,2
61056,3
61058,1
61059,2
61060,4
61061,2
61062,1
61063,3
61064,1
61065,4
61066,2
61067,3
61068,2
61069,2
61070,1
61071,2
61072,1
61073,2
61074,2
61075,2
61076,4
61077,5
61078,2
61079,2
61080,4
61081,2
61083,2
61084,3
61085,4
61086,2
61087,2
61088,1
61089,2
61090,1
61091,2
61092,1
61093,6
61095,2
61096,2
61097,7
61098,2
61099,2
61101,2
61102,3
61103,2
61104,5
61105,2
61106,4
61107,2
61108,2
61109,2
61110,1
61111,5
61112,2
61113,1
61114,4
61115,2
61116,4
61117,5
61118,2
61119,4
61120,2
61121,2
61122,3
61123,2
61124,1
61125,2
61126,3
61127,4
61128,1
61129,3
61130,2
61131,1
61132,3
61133,2
61134,2
61136,3
61137,2
61138,3
61139,2
61140,1
61141,2
61142,3
61143,2
61144,1
61145,2
61146,2
61147,4
61148,2
61149,2
61150,3
61151,2
61152,1
61153,4
61154,6
61155,2
61156,2
61157,4
61158,3
61160,1
61162,2
61163,8
61164,3
61165,5
61166,2
61167,2
61168,5
61169,2
61170,2
61171,4
61173,7
61174,3
61175,6
61176,3
61177,4
61178,3
61179,2
61180,1
61181,4
61183,6
61184,2
61185,6
61186,2
61187,5
61188,4
61189,2
61190,2
61191,2
61192,5
61193,5
61194,4
61195,4
61196,1
61197,2
61198,6
61200,2
61201,2
61202,1
61203,1
61204,4
61205,11
61206,3
61208,2
61209,1
61210,8
61211,2
61212,4
61213,3
61214,2
61215,2
61216,2
61217,4
61218,2
61219,2
61220,2
61221,1
61222,2
61223,3
61224,2
61225,3
61226,4
61227,1
61228,4
61232,1
61233,1
61234,7
61235,2
61236,1
61237,2
61238,3
61239,1
61240,3
61241,4
61242,2
61243,1
61244,2
61245,2
61246,2
61247,2
61248,3
61249,2
61251,2
61252,1
61253,6
61254,2
61255,3
61256,1
61257,2
61258,3
61259,2
61260,1
61261,1
61262,4
61263,2
61264,4
61265,7
61266,1
61267,1
61268,4
61269,2
61270,2
61271,2
61272,3
61273,4
61274,2
61275,2
61276,4
61277,5
61279,1
61280,2
61281,4
61282,1
61283,3
61284,7
61285,4
61287,4
61288,2
61289,1
61290,1
61291,2
61292,2
61293,2
61294,4
61295,2
61296,1
61297,2
61298,2
61299,4
61300,3
61301,4
61302,3
61303,2
61304,4
61305,6
61306,1
61307,4
61308,1
61309,3
61310,1
61311,1
61312,3
61313,4
61314,1
61315,1
61316,2
61317,2
61318,1
61319,2
61320,2
61321,2
61322,2
61324,2
61326,2
61327,1
61328,2
61329,2
61330,2
61331,3
61332,3
61333,3
61334,4
61335,4
61336,2
61337,3
61338,3
61340,9
61341,3
61342,2
61343,2
61344,5
61345,2
61346,4
61347,4
61348,1
61349,2
61350,5
61351,3
61352,2
61353,3
61354,4
61355,1
61356,1
61357,4
61358,2
61359,3
61360,2
61361,5
61362,1
61363,3
61364,2
61365,2
61366,5
61367,2
61368,2
61369,2
61370,4
61371,2
61372,2
61373,1
61374,3
61375,2
61376,4
61377,4
61379,1
61380,1
61381,3
61382,1
61383,2
61384,2
61385,7
61386,1
61387,2
61388,2
61389,4
61390,6
61391,1
61392,2
61393,1
61394,2
61395,3
61396,4
61397,1
61399,5
61400,2
61401,7
61402,2
61403,2
61404,1
61405,2
61406,2
61407,2
61409,1
61410,4
61411,4
61413,2
61414,2
61417,2
61418,2
61419,2
61420,2
61421,2
61422,2
61423,3
61424,1
61425,2
61426,2
61427,2
61428,2
61430,1
61431,2
61432,1
61433,4
61434,2
61435,3
61436,2
61437,1
61438,5
61439,2
61440,1
61441,3
61442,2
61443,3
61446,2
61447,1
61448,2
61449,2
61451,2
61452,3
61453,3
61454,3
61455,1
61456,1
61458,1
61459,4
61460,4
61461,3
61462,5
61463,2
61464,2
61465,4
61466,1
61467,2
61468,2
61469,3
61470,2
61471,4
61472,2
61473,2
61475,6
61476,8
61477,4
61478,4
61480,2
61481,2
61482,1
61483,2
61484,2
61485,3
61487,1
61488,2
61489,4
61490,4
61491,3
61492,5
61493,1
61494,5
61496,1
61497,3
61498,2
61499,3
61500,2
61501,2
61502,2
61503,4
61504,2
61505,4
61506,2
61507,6
61508,2
61509,6
61510,4
61511,2
61512,1
61513,5
61514,3
61515,8
61516,3
61517,2
61518,1
61519,4
61520,3
61521,2
61522,2
61523,1
61524,2
61525,3
61526,6
61527,4
61528,2
61529,3
61531,2
61532,2
61533,3
61535,2
61536,2
61537,2
61539,4
61540,5
61541,4
61542,2
61543,1
61544,2
61545,2
61546,4
61547,7
61548,5
61549,6
61550,2
61551,1
61552,2
61553,4
61554,5
61555,1
61556,2
61557,2
61558,1
61559,1
61560,4
61561,3
61562,7
61563,2
61564,4
61565,4
61566,2
61567,3
61568,1
61569,2
61570,2
61571,2
61572,1
61573,2
61574,3
61575,1
61576,1
61577,2
61578,2
61579,2
61580,4
61581,5
61582,1
61583,4
61584,5
61585,3
61586,4
61587,2
61588,4
61590,2
61591,2
61592,1
61593,4
61594,3
61595,2
61596,2
61597,1
61598,2
61599,2
61600,3
61601,2
61602,1
61603,5
61604,1
61605,2
61606,1
61607,4
61608,2
61609,2
61610,4
61611,1
61612,4
61613,2
61614,1
61615,6
61617,2
61618,2
61619,1
61620,4
61621,2
61622,5
61623,1
61624,1
61625,5
61626,2
61627,2
61628,2
61629,1
61630,2
61631,1
61632,6
61633,1
61634,4
61635,4
61636,5
61637,2
61638,14
61639,2
61640,4
61641,2
61642,4
61643,2
61644,2
61645,4
61646,2
61647,2
61648,2
61649,1
61650,2
61652,2
61653,1
61654,2
61655,1
61656,1
61658,1
61659,4
61660,3
61661,3
61662,3
61663,2
61664,1
61665,2
61666,2
61667,1
61668,4
61669,1
61670,2
61671,1
61672,6
61673,4
61674,3
61675,2
61676,4
61677,2
61678,4
61679,1
61680,3
61681,1
61682,1
61683,2
61685,2
61686,3
61687,1
61688,2
61689,1
61690,2
61691,1
61692,6
61693,5
61694,2
61695,2
61696,6
61697,4
61698,2
61699,2
61700,2
61701,3
61702,4
61703,3
61704,2
61705,1
61706,1
61707,3
61708,2
61709,1
61710,2
61711,2
61712,1
61713,2
61714,6
61715,2
61716,2
61717,4
61718,3
61719,2
61720,5
61721,2
61722,2
61723,2
61724,1
61726,2
61727,4
61728,4
61729,1
61730,4
61731,5
61732,2
61733,1
61734,3
61735,3
61736,1
61737,1
61738,2
61739,2
61740,2
61741,2
61742,3
61743,2
61744,2
61745,1
61746,4
61747,1
61748,2
61749,6
61750,2
61751,2
61752,4
61753,3
61754,1
61755,3
61756,4
61757,1
61758,6
61759,1
61760,3
61761,1
61762,1
61763,2
61764,1
61765,1
61766,2
61768,2
61769,3
61770,2
61771,2
61772,2
61773,2
61774,1
61775,2
61776,1
61777,2
61778,2
61779,4
61780,2
61781,2
61782,5
61783,4
61784,2
61785,2
61786,4
61787,4
61788,1
61790,2
61791,4
61792,2
61793,2
61794,2
61795,2
61796,2
61797,4
61798,2
61799,3
61800,2
61801,4
61802,1
61803,2
61804,1
61805,5
61806,2
61807,2
61808,2
61809,2
61810,6
61811,1
61812,2
61813,2
61814,2
61815,2
61816,2
61817,1
61818,2
61819,5
61820,4
61821,2
61823,2
61824,1
61825,2
61826,2
61827,3
61828,5
61829,2
61830,4
61831,2
61832,1
61833,1
61834,2
61835,2
61836,2
61837,4
61838,3
61839,2
61840,4
61841,1
61842,2
61844,2
61846,2
61847,1
61848,4
61849,3
61850,2
61851,2
61852,2
61853,4
61854,1
61855,3
61856,4
61857,7
61858,4
61859,3
61860,2
61861,4
61862,2
61863,2
61864,2
61866,3
61867,2
61868,2
61869,3
61870,4
61871,2
61872,1
61873,4
61874,1
61875,2
61876,2
61877,2
61879,2
61880,3
61881,2
61882,4
61883,8
61884,2
61885,2
61886,2
61887,3
61888,2
61889,5
61890,2
61891,2
61892,7
61893,1
61894,1
61895,2
61896,1
61898,2
61900,2
61902,2
61903,1
61904,5
61905,3
61906,1
61907,2
61908,3
61909,2
61910,5
61911,2
61912,5
61913,2
61914,2
61915,7
61916,1
61917,3
61919,2
61920,4
61921,8
61922,1
61923,6
61924,4
61925,6
61926,2
61927,4
61928,1
61929,3
61930,2
61931,1
61932,1
61933,1
61934,3
61935,2
61936,2
61937,3
61939,2
61940,1
61941,2
61942,2
61943,1
61944,2
61945,4
61946,3
61947,2
61948,2
61949,3
61950,4
61951,1
61952,1
61953,2
61954,1
61955,1
61956,2
61957,2
61958,2
61959,2
61960,3
61961,1
61962,2
61963,4
61964,1
61965,1
61966,3
61967,1
61968,4
61969,2
61970,4
61971,3
61972,4
61973,4
61974,2
61975,3
61976,1
61977,2
61978,2
61979,2
61980,2
61981,2
61982,2
61983,2
61984,2
61985,2
61986,3
61987,2
61988,2
61989,2
61990,2
61991,5
61992,2
61993,2
61994,2
61995,4
61996,3
61997,2
61998,3
61999,2
62000,2
62001,2
62002,3
62003,2
62004,3
62005,2
62007,2
62008,3
62009,3
62010,4
62011,2
62012,2
62013,2
62014,2
62015,5
62016,2
62017,2
62018,2
62019,1
62020,1
62021,1
62022,3
62023,2
62024,2
62025,2
62026,2
62027,1
62028,1
62029,6
62030,2
62031,3
62032,3
62033,2
62034,2
62035,2
62036,2
62037,2
62038,5
62039,2
62040,3
62041,2
62042,2
62043,2
62044,2
62045,2
62046,2
62047,2
62048,2
62049,1
62050,2
62051,2
62052,2
62053,2
62054,2
62055,3
62056,5
62057,3
62058,4
62059,2
62060,1
62061,5
62062,5
62063,5
62064,3
62065,5
62066,4
62067,2
62068,4
62069,3
62070,1
62071,2
62072,2
62073,3
62074,5
62075,3
62076,2
62077,2
62078,3
62079,6
62080,2
62081,4
62082,3
62083,4
62084,5
62085,3
62086,2
62087,4
62088,1
62089,2
62090,2
62091,4
62092,3
62093,2
62094,2
62095,2
62096,1
62097,2
62098,2
62099,4
62100,3
62101,2
62102,4
62103,4
62104,2
62105,3
62106,2
62107,1
62109,2
62110,3
62111,2
62112,4
62113,2
62114,3
62115,4
62116,3
62117,2
62118,2
62119,2
62120,2
62121,2
62122,2
62123,1
62124,2
62125,2
62126,2
62128,2
62129,2
62130,2
62131,4
62132,3
62134,2
62135,2
62136,6
62137,2
62138,4
62139,4
62140,2
62141,2
62142,1
62143,1
62144,2
62145,2
62146,2
62147,9
62148,2
62149,1
62150,2
62151,3
62152,1
62153,12
62154,4
62155,3
62156,4
62157,2
62158,5
62159,2
62160,3
62161,2
62162,3
62163,2
62164,2
62165,4
62166,1
62167,4
62169,2
62170,2
62171,2
62172,4
62173,2
62174,6
62175,6
62176,1
62177,2
62178,3
62179,2
62180,3
62181,1
62182,5
62183,1
62184,2
62186,4
62187,2
62188,1
62189,2
62190,7
62191,4
62192,3
62193,4
62194,2
62195,1
62196,6
62197,1
62198,2
62199,1
62200,4
62201,2
62202,4
62203,2
62204,1
62205,5
62206,4
62207,3
62208,1
62209,2
62210,2
62211,2
62212,2
62214,4
62215,2
62216,5
62217,2
62218,2
62219,2
62221,4
62222,2
62223,1
62224,1
62225,2
62226,3
62227,2
62228,2
62229,2
62230,5
62231,2
62232,6
62233,2
62234,2
62235,2
62236,2
62238,1
62239,2
62240,2
62241,4
62242,4
62243,2
62245,6
62246,6
62247,3
62248,2
62249,5
62250,2
62251,4
62252,2
62253,2
62255,5
62256,2
62257,2
62258,2
62259,3
62260,2
62261,5
62262,2
62263,1
62264,2
62265,2
62266,3
62267,3
62268,2
62269,3
62270,2
62271,2
62272,2
62273,2
62274,2
62275,3
62276,2
62277,1
62278,2
62279,1
62280,3
62281,2
62282,4
62283,2
62284,2
62285,1
62286,1
62287,1
62288,1
62289,1
62290,2
62291,4
62292,2
62293,5
62294,4
62295,4
62296,4
62297,4
62298,2
62299,1
62300,4
62301,2
62302,1
62303,4
62305,2
62306,3
62307,5
62308,3
62309,2
62310,2
62311,1
62312,1
62313,2
62314,1
62315,1
62316,1
62317,1
62318,3
62319,2
62320,2
62321,3
62322,1
62323,2
62324,1
62325,4
62326,4
62327,4
62328,5
62329,3
62330,2
62331,2
62332,2
62333,4
62334,2
62335,2
62336,2
62337,2
62338,1
62339,4
62340,1
62341,2
62342,2
62343,5
62344,4
62345,1
62346,4
62347,2
62348,4
62350,2
62351,3
62353,5
62354,2
62355,1
62356,3
62357,1
62358,3
62359,3
62360,2
62361,3
62362,1
62363,2
62364,5
62367,2
62368,2
62369,2
62370,2
62371,3
62372,2
62373,1
62374,1
62375,3
62376,2
62377,3
62378,2
62379,6
62380,7
62381,2
62382,2
62383,2
62384,5
62385,2
62386,3
62387,4
62388,1
62390,4
62391,2
62392,1
62393,2
62394,2
62395,2
62396,4
62397,2
62398,2
62399,2
62400,8
62401,1
62402,5
62403,1
62404,1
62405,6
62406,4
62407,6
62408,1
62409,3
62410,6
62411,4
62412,5
62413,1
62414,1
62415,7
62416,2
62417,2
62418,2
62419,3
62420,1
62421,2
62422,5
62423,2
62424,4
62425,1
62426,1
62427,1
62428,4
62429,2
62430,2
62431,2
62432,5
62433,2
62434,3
62435,2
62436,2
62437,3
62438,1
62439,6
62440,5
62441,2
62442,1
62443,2
62444,2
62445,4
62446,2
62447,1
62448,4
62449,3
62450,5
62451,2
62452,2
62453,2
62454,4
62455,3
62456,2
62457,2
62458,2
62459,2
62460,2
62461,4
62462,3
62463,3
62464,3
62465,6
62467,4
62468,2
62469,5
62470,4
62473,1
62474,3
62475,1
62476,2
62477,1
62478,4
62479,3
62480,5
62481,4
62482,2
62483,3
62484,1
62485,5
62487,1
62488,2
62489,2
62490,2
62491,1
62492,2
62493,2
62494,2
62495,1
62496,2
62497,3
62498,3
62499,4
62500,2
62501,3
62502,3
62503,2
62504,3
62505,5
62506,3
62507,3
62509,2
62510,2
62511,1
62512,3
62514,4
62515,3
62516,1
62517,1
62518,1
62519,2
62520,1
62521,4
62522,2
62523,4
62525,3
62526,1
62527,4
62528,2
62529,2
62530,2
62531,2
62532,1
62533,2
62534,4
62535,2
62536,2
62537,2
62538,1
62539,1
62540,2
62542,2
62543,1
62545,1
62546,4
62547,2
62548,5
62550,2
62551,2
62552,4
62553,6
62554,2
62555,2
62556,3
62557,6
62558,4
62559,3
62560,5
62561,2
62562,6
62563,2
62564,3
62565,2
62566,3
62567,2
62568,4
62569,2
62570,2
62571,2
62572,2
62573,1
62574,1
62575,2
62576,2
62577,4
62578,2
62579,4
62580,2
62581,2
62582,2
62583,2
62584,2
62585,2
62586,2
62587,2
62588,4
62589,2
62590,2
62591,3
62592,2
62593,2
62594,2
62595,4
62596,4
62597,1
62598,3
62599,2
62600,2
62601,2
62602,3
62603,3
62604,4
62605,1
62606,2
62608,1
62609,2
62610,2
62611,1
62612,2
62613,2
62614,2
62615,4
62616,2
62617,2
62618,2
62619,2
62621,2
62622,5
62623,4
62624,2
62625,2
62626,1
62627,5
62628,6
62629,2
62630,2
62631,2
62632,1
62633,2
62634,2
62635,2
62637,2
62638,6
62639,2
62640,2
62641,4
62642,5
62643,3
62644,4
62645,4
62646,2
62647,3
62648,4
62649,1
62650,3
62651,4
62652,6
62653,6
62654,1
62655,2
62656,2
62657,2
62658,6
62659,2
62660,2
62661,2
62662,2
62663,1
62664,2
62665,1
62667,1
62668,2
62669,2
62670,2
62671,1
62673,2
62674,4
62675,2
62676,1
62677,2
62678,1
62679,1
62680,3
62681,2
62682,2
62683,1
62684,1
62685,3
62686,4
62687,2
62688,4
62689,3
62690,1
62691,2
62692,1
62693,2
62694,2
62695,4
62696,1
62697,2
62699,2
62700,2
62701,2
62702,3
62703,2
62704,3
62705,2
62706,4
62707,4
62708,2
62709,2
62710,2
62711,2
62712,2
62713,5
62714,1
62715,3
62716,1
62717,2
62718,4
62719,2
62720,2
62721,4
62722,2
62723,2
62725,2
62726,2
62727,1
62728,2
62729,1
62730,4
62731,1
62732,2
62733,2
62734,3
62735,2
62736,3
62737,1
62738,4
62739,1
62740,2
62741,2
62742,2
62743,9
62744,2
62745,4
62746,2
62747,2
62748,1
62749,2
62750,5
62751,3
62752,3
62753,3
62754,5
62755,1
62756,3
62757,1
62758,4
62759,2
62760,8
62761,2
62762,2
62763,1
62764,3
62765,3
62767,2
62768,1
62769,2
62770,3
62771,1
62772,1
62773,4
62774,3
62775,4
62776,1
62777,2
62778,3
62779,2
62780,2
62781,2
62782,4
62783,4
62784,2
62785,1
62786,1
62787,1
62788,2
62789,3
62790,2
62791,1
62792,2
62793,3
62794,1
62795,4
62796,4
62797,3
62798,2
62799,6
62800,2
62802,2
62803,1
62804,2
62806,2
62807,5
62808,1
62809,1
62810,2
62811,2
62812,2
62813,2
62814,1
62815,4
62816,3
62817,1
62818,2
62819,1
62820,2
62821,1
62822,1
62823,3
62824,2
62825,2
62826,4
62827,4
62828,4
62829,2
62830,2
62831,1
62832,4
62833,4
62834,2
62835,4
62836,2
62837,2
62838,3
62839,1
62840,1
62841,5
62842,3
62843,3
62844,2
62846,4
62847,3
62848,2
62849,2
62850,5
62851,3
62852,2
62853,2
62854,3
62855,1
62857,4
62859,2
62860,2
62861,4
62862,2
62863,4
62864,6
62865,2
62866,2
62867,4
62868,4
62869,2
62870,2
62871,3
62872,2
62873,2
62874,2
62875,3
62876,2
62877,4
62878,3
62879,4
62880,3
62881,2
62882,2
62883,3
62884,3
62885,2
62886,4
62887,9
62888,2
62890,1
62891,6
62892,4
62893,1
62895,2
62896,3
62897,2
62898,2
62899,2
62900,2
62901,2
62902,2
62903,2
62904,1
62905,4
62906,4
62907,4
62908,1
62909,2
62910,4
62911,2
62912,1
62913,1
62914,1
62916,6
62917,2
62918,2
62919,2
62920,1
62921,4
62922,2
62923,2
62924,1
62925,1
62926,2
62927,2
62928,3
62929,1
62930,3
62931,1
62932,2
62933,5
62934,4
62935,2
62936,2
62937,1
62938,1
62939,4
62940,2
62941,2
62942,2
62943,2
62944,4
62945,3
62946,3
62947,3
62948,3
62949,2
62950,5
62951,1
62952,5
62953,1
62954,2
62955,4
62956,2
62957,2
62958,2
62959,4
62960,3
62961,4
62962,3
62963,2
62964,2
62965,2
62966,2
62967,2
62968,6
62969,2
62970,4
62971,7
62972,2
62973,1
62974,2
62975,2
62976,3
62977,2
62978,3
62979,5
62980,3
62981,3
62982,4
62983,2
62984,2
62985,2
62986,1
62987,2
62988,4
62989,3
62990,4
62992,1
62993,3
62994,2
62995,2
62996,1
62997,1
62998,2
62999,4
63000,4
63001,4
63002,1
63003,2
63004,3
63005,1
63006,2
63007,2
63008,2
63009,2
63010,4
63011,1
63012,2
63014,2
63015,4
63016,2
63017,4
63018,3
63019,8
63020,4
63021,6
63022,2
63023,4
63024,2
63025,4
63026,5
63027,2
63028,1
63029,4
63030,4
63031,9
63032,2
63033,2
63034,4
63035,6
63037,2
63038,2
63039,2
63040,1
63041,7
63042,3
63043,1
63045,2
63046,1
63047,2
63048,4
63049,2
63050,1
63051,2
63052,2
63053,2
63054,2
63055,2
63056,1
63057,1
63058,1
63059,2
63061,4
63062,1
63063,4
63064,2
63065,6
63066,1
63067,4
63068,4
63069,6
63070,5
63071,2
63072,2
63073,1
63074,3
63075,6
63076,4
63077,1
63078,2
63079,7
63080,2
63081,6
63082,6
63083,3
63084,2
63085,6
63086,2
63087,2
63088,7
63089,3
63090,2
63091,6
63092,4
63093,1
63094,4
63095,4
63096,5
63097,2
63098,6
63099,3
63100,1
63101,6
63102,1
63103,4
63104,1
63106,1
63107,1
63108,4
63109,2
63110,3
63111,5
63112,2
63113,4
63114,2
63115,4
63116,1
63117,4
63118,5
63120,4
63121,1
63123,1
63124,2
63125,2
63126,2
63127,1
63128,1
63129,2
63131,1
63132,2
63133,1
63134,6
63135,4
63136,5
63137,2
63138,1
63139,1
63140,1
63141,2
63142,2
63143,4
63144,2
63145,2
63146,3
63147,2
63148,2
63149,4
63150,4
63151,1
63152,2
63153,5
63154,4
63155,2
63156,6
63157,3
63158,8
63159,4
63160,1
63161,4
63162,2
63163,3
63164,5
63165,6
63166,6
63167,3
63168,4
63169,2
63170,2
63171,4
63172,4
63173,4
63174,4
63175,2
63176,3
63177,2
63178,3
63180,4
63181,2
63182,2
63183,2
63184,2
63185,1
63186,6
63187,3
63189,3
63190,2
63191,2
63192,1
63193,4
63194,6
63195,4
63196,2
63197,2
63198,2
63199,1
63200,1
63201,2
63202,3
63203,2
63204,3
63205,1
63206,4
63207,5
63208,3
63209,1
63210,1
63211,3
63212,6
63213,2
63214,1
63215,4
63216,5
63217,1
63219,2
63220,3
63221,1
63222,2
63223,10
63224,2
63225,4
63226,2
63227,1
63228,5
63229,4
63230,2
63231,2
63232,2
63233,2
63234,6
63267,2
63268,2
63269,1
63270,4
63271,1
63272,2
63273,2
63274,1
63275,6
63276,3
63277,2
63279,2
63280,2
63281,2
63282,1
63283,4
63284,2
63285,7
63286,4
63288,4
63289,2
63290,2
63291,2
63292,4
63293,3
63294,2
63295,1
63296,1
63297,5
63298,1
63299,2
63300,2
63301,3
63302,4
63304,2
63305,4
63306,3
63307,3
63308,4
63309,6
63310,1
63311,2
63312,4
63313,1
63314,2
63315,3
63316,5
63317,2
63318,3
63319,2
63320,4
63321,2
63322,5
63323,1
63324,7
63325,3
63326,2
63328,2
63330,6
63331,2
63332,2
63333,2
63334,1
63335,3
63336,2
63337,2
63338,1
63339,6
63340,4
63341,5
63342,2
63344,3
63345,6
63346,1
63347,2
63348,6
63349,3
63350,8
63351,5
63352,4
63353,1
63354,2
63356,1
63357,3
63359,4
63360,4
63361,4
63362,2
63363,7
63364,3
63365,1
63366,1
63367,4
63368,3
63369,6
63370,4
63371,1
63372,6
63373,2
63374,3
63375,1
63376,7
63377,2
63378,1
63379,3
63380,3
63381,5
63382,8
63384,2
63385,3
63387,3
63388,2
63389,4
63390,4
63391,6
63392,2
63393,2
63394,2
63395,4
63396,6
63397,2
63398,4
63399,3
63400,2
63401,2
63402,1
63403,4
63404,6
63405,2
63406,9
63407,2
63408,3
63409,3
63410,4
63411,2
63412,4
63413,3
63414,3
63415,3
63416,1
63417,6
63418,2
63419,3
63420,2
63421,2
63422,2
63423,2
63424,4
63425,6
63426,6
63427,2
63428,2
63430,2
63431,2
63432,4
63433,6
63434,2
63435,4
63436,4
63437,2
63438,2
63439,2
63441,3
63442,7
63443,4
63444,1
63445,4
63446,2
63447,2
63448,1
63449,1
63450,3
63451,3
63452,1
63453,3
63454,2
63455,1
63457,1
63458,6
63460,4
63461,2
63462,4
63463,2
63464,2
63465,3
63466,2
63467,2
63468,2
63469,2
63470,2
63471,1
63472,1
63473,4
63474,2
63475,4
63476,4
63477,2
63478,1
63479,2
63480,7
63482,3
63483,2
63484,2
63485,2
63486,2
63487,5
63488,4
63489,4
63490,4
63491,3
63492,3
63493,6
63494,1
63495,1
63496,2
63497,2
63499,1
63500,1
63501,3
63502,2
63503,2
63505,1
63506,2
63507,2
63508,2
63509,1
63510,2
63511,2
63512,4
63513,2
63514,3
63515,4
63516,6
63517,1
63518,3
63519,2
63520,4
63521,2
63522,2
63523,1
63524,3
63525,2
63526,4
63527,2
63528,1
63529,2
63530,2
63531,1
63532,4
63533,2
63534,1
63535,1
63536,1
63537,5
63538,5
63539,3
63540,1
63541,3
63542,2
63543,2
63544,1
63545,1
63546,6
63547,1
63548,3
63549,4
63550,3
63551,1
63552,2
63553,2
63554,1
63555,2
63556,4
63557,3
63558,5
63559,4
63560,7
63561,2
63562,2
63563,1
63564,4
63565,4
63566,2
63568,2
63569,7
63570,4
63571,2
63572,1
63573,3
63574,5
63575,3
63576,4
63577,4
63578,3
63579,4
63580,1
63581,2
63585,4
63586,3
63587,7
63588,2
63589,2
63590,2
63591,2
63592,3
63593,3
63594,2
63595,3
63596,4
63597,3
63599,6
63600,5
63601,4
63602,1
63603,4
63604,4
63606,5
63607,10
63608,4
63609,3
63610,1
63611,4
63612,2
63613,2
63615,2
63616,1
63617,2
63618,2
63619,5
63620,3
63621,2
63623,3
63624,3
63625,2
63627,2
63628,2
63629,3
63630,2
63631,4
63632,4
63633,3
63634,2
63635,2
63636,2
63637,2
63638,3
63639,1
63640,2
63641,2
63642,1
63643,2
63644,7
63645,3
63646,1
63647,4
63648,3
63649,2
63650,4
63651,2
63652,2
63653,1
63654,2
63655,4
63656,4
63657,1
63658,1
63660,2
63661,2
63662,2
63663,1
63664,5
63665,6
63666,2
63668,2
63669,4
63670,2
63671,1
63672,1
63673,4
63674,3
63676,6
63677,1
63678,2
63679,1
63680,2
63681,4
63682,3
63683,1
63684,1
63685,4
63686,2
63687,2
63688,4
63689,2
63691,4
63692,1
63693,2
63694,4
63695,6
63696,4
63697,2
63698,4
63699,2
63700,3
63701,3
63702,2
63703,4
63704,2
63707,2
63708,2
63709,2
63711,2
63712,2
63713,1
63714,3
63715,3
63716,2
63717,1
63718,3
63719,1
63721,5
63722,1
63723,6
63724,11
63725,1
63726,2
63727,9
63728,2
63729,2
63730,1
63731,2
63732,3
63733,2
63734,2
63735,1
63736,2
63737,2
63738,3
63739,2
63740,2
63741,2
63742,4
63743,2
63744,4
63745,3
63747,2
63748,2
63750,2
63751,3
63752,4
63753,3
63754,2
63755,2
63756,2
63757,1
63758,2
63759,4
63760,1
63761,2
63762,2
63763,6
63765,2
63766,1
63767,4
63768,1
63770,5
63771,2
63772,1
63773,2
63774,3
63775,3
63776,1
63777,4
63778,4
63779,4
63780,2
63781,1
63783,3
63784,1
63785,1
63787,4
63790,1
63791,2
63792,1
63793,1
63794,2
63795,3
63796,2
63797,1
63798,2
63799,2
63800,1
63801,1
63802,1
63803,1
63804,1
63805,2
63806,1
63807,1
63808,1
63809,1
63810,1
63811,1
63812,1
63813,1
63814,2
63815,2
63818,3
63819,2
63820,2
63821,2
63822,1
63823,2
63824,1
63825,2
63826,3
63827,2
63828,1
63829,3
63830,3
63831,1
63832,1
63833,1
63834,2
63835,1
63836,2
63837,2
63838,3
63839,2
63840,1
63841,2
63842,1
63843,1
63844,1
63845,1
63846,2
63847,1
63848,2
63849,1
63850,2
63851,2
63852,1
63853,2
63854,2
63855,2
63856,4
63857,1
63858,2
63859,2
63860,1
63861,1
63862,2
63863,2
63864,1
63865,1
63866,4
63867,1
63868,2
63869,1
63871,1
63872,2
63873,2
63874,2
63876,4
63877,2
63878,3
63879,1
63880,1
63881,5
63883,2
63884,1
63885,4
63886,1
63887,4
63888,1
63889,2
63890,3
63892,2
63893,2
63894,2
63895,2
63896,4
63897,2
63898,2
63899,7
63900,2
63901,2
63902,2
63903,5
63904,2
63905,1
63906,4
63907,6
63908,2
63909,2
63910,4
63911,1
63912,4
63913,1
63914,2
63915,2
63916,2
63917,4
63919,2
63920,2
63921,4
63922,3
63923,2
63924,2
63925,2
63926,3
63927,2
63928,4
63929,2
63930,2
63931,9
63932,4
63933,1
63934,4
63935,2
63936,4
63937,1
63938,4
63939,2
63940,2
63941,4
63942,2
63943,2
63944,1
63945,6
63946,3
63947,2
63949,2
63950,2
63951,3
63952,6
63953,2
63954,3
63955,4
63956,9
63957,2
63958,3
63959,5
63961,2
63962,2
63963,4
63965,3
63966,2
63967,5
63968,4
63969,1
63970,1
63971,2
63972,4
63974,3
63975,2
63977,2
63978,1
63979,2
63980,2
63981,2
63982,2
63983,2
63984,1
63985,4
63986,2
63987,1
63988,2
63989,2
63990,1
63991,2
63992,3
63993,2
63994,2
63995,2
63996,1
63997,1
63998,4
63999,3
64000,2
64001,2
64002,2
64003,3
64004,1
64005,1
64006,3
64007,1
64008,1
64009,1
64010,5
64011,1
64012,2
64013,2
64014,1
64015,1
64016,5
64017,1
64018,3
64019,1
64020,4
64021,2
64022,1
64023,3
64024,2
64026,1
64027,1
64029,4
64030,1
64031,1
64032,2
64033,3
64035,3
64036,4
64037,3
64038,2
64039,4
64040,1
64041,2
64042,2
64043,2
64044,3
64045,3
64046,2
64047,1
64048,2
64049,2
64050,1
64051,3
64052,2
64053,1
64054,1
64055,2
64056,6
64057,4
64058,2
64060,3
64061,3
64062,2
64063,1
64064,3
64065,5
64066,2
64067,1
64068,1
64069,2
64070,5
64071,1
64072,3
64073,4
64074,1
64075,2
64076,4
64077,2
64078,1
64079,1
64080,1
64081,2
64082,2
64083,3
64084,3
64085,3
64086,2
64087,2
64088,2
64089,2
64090,2
64091,2
64092,2
64093,4
64094,4
64095,2
64096,4
64097,1
64098,1
64099,2
64100,1
64101,2
64102,1
64103,1
64104,2
64105,2
64106,2
64107,2
64108,2
64109,1
64110,1
64111,2
64112,2
64113,4
64114,1
64115,1
64116,1
64117,2
64118,2
64119,1
64120,2
64121,2
64122,1
64123,2
64124,1
64125,2
64126,3
64127,2
64128,2
64129,2
64130,2
64131,1
64132,2
64133,4
64134,1
64135,1
64136,2
64137,2
64138,2
64139,2
64140,1
64141,2
64142,1
64143,2
64145,2
64146,3
64147,5
64148,4
64149,2
64150,2
64151,4
64152,1
64153,1
64154,1
64155,2
64156,1
64157,1
64158,1
64159,2
64160,2
64161,2
64162,2
64163,1
64164,4
64165,4
64166,2
64167,2
64168,2
64169,2
64170,3
64171,1
64172,2
64173,3
64175,3
64176,2
64178,2
64179,3
64180,2
64182,1
64183,1
64184,1
64185,2
64186,3
64187,4
64188,4
64189,1
64190,2
64191,2
64192,4
64193,4
64194,4
64195,1
64196,4
64197,1
64198,2
64199,2
64200,5
64201,1
64202,2
64203,1
64204,1
64205,1
64206,1
64207,2
64208,3
64209,2
64210,2
64211,4
64213,2
64215,6
64216,4
64217,3
64218,2
64219,1
64220,2
64221,3
64222,2
64223,1
64224,5
64225,6
64226,2
64227,4
64228,3
64229,4
64230,1
64231,2
64232,2
64233,2
64234,1
64235,2
64236,4
64238,1
64239,2
64240,2
64241,2
64242,1
64243,4
64244,3
64245,1
64246,1
64247,2
64248,1
64249,2
64250,3
64251,2
64252,4
64254,6
64255,2
64256,4
64257,1
64258,3
64259,2
64260,3
64261,2
64262,1
64263,5
64264,2
64265,2
64267,3
64268,2
64269,2
64270,1
64271,4
64272,4
64273,1
64275,3
64276,1
64277,4
64278,2
64279,1
64280,1
64281,1
64282,5
64283,1
64284,1
64285,5
64286,1
64287,1
64288,1
64289,2
64290,7
64291,1
64293,1
64294,2
64295,1
64296,3
64297,1
64298,2
64300,2
64301,7
64302,5
64304,6
64305,4
64306,4
64307,3
64308,3
64309,2
64310,3
64311,2
64312,2
64313,3
64314,1
64316,1
64317,2
64318,3
64319,2
64320,2
64321,2
64322,2
64323,2
64324,3
64325,2
64326,2
64327,2
64328,1
64329,1
64330,4
64331,1
64333,6
64335,1
64336,2
64337,2
64338,2
64339,3
64340,3
64341,2
64342,1
64343,1
64344,2
64345,4
64346,2
64347,1
64348,1
64349,1
64351,3
64352,3
64353,3
64354,2
64355,6
64356,1
64357,2
64359,2
64360,2
64361,2
64362,1
64363,1
64364,1
64365,1
64366,1
64367,2
64368,3
64369,2
64370,3
64371,3
64372,2
64373,7
64374,2
64375,3
64376,2
64377,5
64378,2
64379,2
64380,2
64381,2
64382,1
64383,1
64384,5
64385,2
64386,1
64387,2
64388,2
64389,2
64390,1
64391,2
64392,2
64393,1
64394,2
64395,1
64396,1
64397,2
64398,2
64399,4
64400,6
64401,2
64402,4
64403,1
64404,2
64405,1
64406,1
64407,3
64408,2
64409,2
64410,1
64411,1
64412,2
64413,1
64414,2
64415,1
64416,2
64417,5
64418,1
64419,3
64420,4
64421,2
64423,2
64424,2
64425,4
64426,2
64427,4
64428,2
64429,1
64430,2
64432,2
64433,1
64434,1
64435,1
64436,1
64437,4
64438,2
64439,1
64440,2
64441,3
64442,1
64443,5
64444,1
64445,6
64446,2
64448,3
64449,5
64450,1
64451,2
64452,3
64453,2
64454,4
64455,1
64456,10
64457,1
64458,2
64459,2
64460,2
64461,4
64463,1
64464,1
64465,5
64466,2
64467,2
64468,1
64469,1
64470,1
64471,1
64472,3
64473,3
64474,2
64475,3
64476,1
64477,1
64478,1
64479,4
64480,1
64481,3
64482,4
64483,1
64484,2
64485,4
64486,1
64487,4
64488,1
64489,1
64490,3
64491,4
64492,6
64493,2
64494,2
64495,1
64496,2
64497,2
64498,1
64499,2
64500,2
64501,2
64502,1
64503,2
64504,3
64505,2
64507,1
64508,2
64509,3
64510,1
64511,1
64512,1
64513,6
64514,2
64515,3
64516,1
64517,1
64518,2
64520,2
64521,1
64522,1
64523,4
64524,1
64525,3
64526,3
64527,1
64528,1
64529,1
64530,2
64531,3
64532,2
64533,3
64534,1
64535,6
64536,7
64537,1
64538,2
64539,3
64540,4
64541,2
64542,2
64543,2
64544,2
64545,1
64546,1
64547,1
64548,1
64549,1
64550,8
64551,2
64552,4
64553,2
64554,1
64555,2
64556,3
64557,1
64558,2
64559,2
64560,2
64561,1
64562,3
64563,2
64564,2
64565,2
64566,2
64567,1
64568,1
64569,2
64570,1
64571,4
64572,1
64573,2
64574,2
64575,4
64576,1
64577,2
64578,1
64579,1
64580,2
64581,2
64582,1
64583,2
64584,1
64585,2
64586,1
64587,1
64588,1
64589,1
64590,10
64592,8
64594,1
64595,1
64596,1
64598,1
64599,9
64600,3
64601,9
64602,3
64603,2
64604,3
64605,1
64606,2
64607,2
64608,2
64609,2
64611,7
64612,1
64613,2
64614,2
64615,1
64616,2
64617,4
64618,1
64619,1
64620,4
64621,1
64622,4
64623,2
64624,1
64625,1
64626,3
64627,1
64628,3
64629,3
64630,2
64631,1
64633,2
64634,2
64636,4
64637,3
64638,2
64640,2
64641,2
64642,1
64643,3
64644,2
64645,1
64646,3
64647,1
64648,1
64649,1
64650,2
64651,1
64652,1
64653,4
64654,3
64655,1
64656,2
64657,2
64658,1
64659,2
64660,5
64661,2
64662,2
64663,2
64664,1
64665,1
64666,4
64667,2
64668,1
64669,1
64670,4
64671,3
64672,2
64673,1
64674,1
64675,1
64676,1
64677,2
64678,2
64679,1
64680,1
64681,2
64682,2
64683,1
64684,2
64685,1
64686,1
64687,1
64688,1
64689,4
64690,1
64691,3
64692,2
64693,5
64694,1
64695,1
64696,1
64698,3
64699,1
64700,1
64701,2
64702,2
64703,2
64704,2
64705,2
64706,2
64707,2
64708,2
64709,3
64711,1
64712,1
64713,1
64714,2
64716,1
64717,2
64718,4
64719,1
64720,4
64721,1
64722,1
64723,1
64724,3
64725,1
64726,1
64728,2
64729,1
64730,6
64731,3
64733,2
64734,1
64735,1
64736,2
64737,2
64738,2
64739,5
64740,2
64741,2
64742,1
64743,2
64744,4
64745,1
64746,2
64747,1
64748,2
64749,1
64750,4
64751,4
64752,2
64753,2
64754,1
64755,1
64756,2
64757,4
64758,3
64759,1
64760,2
64761,1
64762,2
64763,3
64764,3
64765,1
64766,1
64767,2
64768,2
64769,1
64770,2
64771,5
64772,2
64773,3
64774,1
64775,1
64776,1
64777,4
64778,4
64779,2
64780,2
64781,2
64782,3
64783,2
64785,2
64786,1
64787,2
64788,3
64790,2
64791,1
64792,2
64793,2
64794,1
64795,3
64796,1
64797,1
64798,5
64799,1
64801,3
64802,3
64803,3
64804,2
64805,1
64806,6
64807,2
64808,1
64809,3
64810,3
64811,2
64812,2
64813,2
64814,1
64815,2
64816,1
64817,2
64818,4
64819,9
64820,2
64822,1
64823,2
64824,4
64825,1
64826,2
64827,1
64828,1
64830,2
64831,2
64832,3
64834,4
64835,1
64836,1
64837,1
64838,4
64839,1
64840,2
64841,3
64842,2
64843,2
64844,2
64845,2
64846,1
64847,1
64848,1
64849,1
64850,2
64851,2
64852,2
64853,1
64854,1
64855,2
64856,4
64857,5
64858,3
64859,1
64861,2
64862,3
64863,1
64864,2
64865,5
64866,2
64867,1
64868,7
64869,1
64870,1
64873,4
64874,1
64875,1
64876,4
64877,4
64878,1
64880,1
64881,1
64882,3
64884,2
64885,2
64886,2
64887,1
64888,5
64889,5
64890,1
64891,1
64893,2
64894,1
64895,1
64896,3
64897,2
64898,2
64899,4
64900,1
64901,1
64902,4
64903,2
64904,3
64905,1
64906,2
64907,4
64908,1
64909,2
64910,1
64912,1
64913,3
64914,10
64915,1
64916,1
64918,1
64919,1
64920,4
64921,5
64925,1
64926,4
64929,2
64931,1
64932,4
64933,1
64934,6
64935,1
64936,4
64937,1
64938,1
64939,6
64940,1
64941,2
64943,2
64944,2
64945,1
64946,1
64947,1
64948,1
64951,1
64952,1
64953,6
64954,4
64955,3
64956,1
64957,1
64958,3
64959,1
64960,2
64961,2
64962,3
64963,1
64964,2
64965,3
64966,8
64967,2
64968,1
64969,3
64970,1
64971,2
64972,1
64973,3
64974,1
64975,2
64976,1
64978,2
64979,2
64980,2
64981,2
64982,1
64983,1
64984,1
64985,1
64986,5
64987,2
64988,2
64989,1
64990,2
64991,2
64992,5
64993,2
64994,2
64995,1
64996,5
64997,2
64999,1
65000,1
65001,1
65002,1
65003,3
65004,2
65005,2
65006,1
65007,1
65008,1
65009,2
65010,1
65011,1
65012,2
65013,1
65014,3
65015,1
65016,1
65017,2
65018,2
65019,2
65020,1
65021,1
65022,5
65023,5
65024,1
65025,1
65029,1
65030,2
65031,2
65032,2
65033,1
65034,1
65035,1
65036,2
65037,1
65038,1
65040,2
65041,2
65044,2
65045,1
65046,2
65047,1
65048,4
65049,1
65052,1
65053,2
65055,1
65056,5
65057,5
65058,1
65059,1
65060,2
65061,1
65063,1
65064,1
65065,3
65066,8
65067,6
65068,1
65069,1
65070,1
65071,5
65072,1
65073,1
65074,1
65075,1
65076,2
65077,3
65078,5
65079,3
65080,1
65081,2
65082,2
65083,1
65084,1
65085,1
65086,3
65087,1
65088,2
65089,2
65090,5
65091,3
65093,5
65094,3
65095,2
65096,2
65097,1
65098,1
65100,2
65101,1
65102,1
65103,3
65105,2
65107,4
65109,1
65110,1
65112,5
65113,1
65114,2
65115,2
65116,4
65117,2
65119,1
65120,5
65121,2
65122,1
65123,5
65124,2
65125,1
65126,1
65127,1
65128,3
65130,2
65131,1
65132,1
65133,1
65134,3
65135,1
65136,2
65137,3
65138,1
65139,3
65140,1
65141,5
65142,1
65143,4
65144,1
65145,2
65146,4
65147,2
65148,1
65149,2
65150,1
65151,3
65152,1
65153,1
65154,1
65155,1
65156,2
65157,2
65158,2
65159,4
65160,4
65161,3
65162,4
65163,1
65164,1
65165,5
65166,7
65167,2
65168,1
65169,1
65170,3
65171,2
65174,1
65175,4
65176,1
65177,2
65179,1
65180,1
65181,1
65182,1
65183,2
65184,3
65185,1
65186,2
65187,1
65188,1
65189,3
65190,1
65191,2
65192,1
65193,6
65194,1
65195,2
65196,1
65197,1
65199,2
65200,3
65201,1
65202,2
65203,5
65204,1
65205,3
65206,1
65207,1
65208,1
65209,2
65210,3
65211,5
65213,2
65214,1
65215,1
65216,1
65217,4
65218,2
65219,1
65221,1
65222,4
65223,2
65224,4
65225,1
65226,1
65228,1
65229,4
65230,2
65231,2
65232,3
65233,1
65234,1
65235,1
65236,2
65237,2
65238,1
65239,3
65240,2
65241,2
65242,2
65243,2
65244,2
65245,1
65246,1
65247,1
65248,1
65249,4
65250,1
65251,1
65253,1
65254,2
65256,2
65257,2
65258,2
65259,2
65260,5
65261,2
65263,2
65264,5
65265,4
65266,4
65267,4
65268,2
65269,1
65270,3
65271,2
65272,1
65273,1
65274,1
65276,1
65278,2
65279,1
65280,2
65281,2
65282,1
65283,2
65284,2
65285,4
65286,2
65287,1
65288,1
65289,2
65290,2
65291,1
65292,1
65293,1
65294,4
65295,1
65296,1
65297,5
65298,2
65299,1
65300,4
65301,2
65302,2
65303,2
65304,2
65306,2
65307,1
65308,3
65309,1
65310,1
65311,1
65312,2
65313,1
65314,1
65315,5
65316,4
65317,2
65318,7
65319,1
65320,1
65321,2
65322,2
65323,2
65324,2
65325,3
65326,2
65327,1
65328,1
65330,1
65331,1
65332,1
65333,1
65334,2
65335,1
65336,1
65337,1
65339,1
65340,1
65341,4
65342,1
65343,6
65345,1
65346,1
65347,3
65348,4
65349,3
65350,3
65351,1
65352,1
65353,2
65354,1
65355,2
65356,3
65357,1
65358,6
65359,1
65360,1
65361,2
65362,2
65363,1
65364,1
65365,1
65366,1
65367,2
65368,1
65369,1
65370,4
65371,1
65372,1
65373,1
65374,2
65375,1
65376,1
65377,1
65378,6
65380,1
65381,1
65382,1
65383,2
65384,1
65385,1
65386,1
65387,4
65388,3
65389,2
65390,2
65391,2
65392,3
65393,4
65394,2
65395,2
65396,2
65397,1
65398,2
65399,2
65401,4
65402,1
65403,1
65404,1
65405,4
65406,4
65407,2
65408,2
65409,7
65411,1
65412,2
65413,1
65414,3
65415,3
65417,2
65418,1
65420,4
65421,1
65422,1
65423,1
65424,1
65425,2
65426,1
65427,4
65428,2
65429,4
65430,4
65431,2
65432,6
65433,2
65434,4
65435,2
65436,1
65437,1
65438,4
65439,2
65440,6
65441,1
65442,3
65443,3
65444,1
65445,2
65446,2
65447,2
65448,4
65449,1
65450,1
65451,1
65453,1
65454,3
65456,1
65457,1
65458,2
65459,2
65460,2
65461,3
65462,1
65463,1
65464,1
65465,1
65466,1
65467,1
65468,4
65469,2
65470,3
65471,5
65472,2
65473,1
65474,1
65475,2
65476,1
65478,2
65479,2
65480,2
65481,1
65482,1
65483,1
65485,2
65486,2
65487,1
65488,1
65489,2
65491,4
65492,1
65494,1
65495,3
65496,2
65497,1
65498,1
65499,2
65500,2
65501,1
65502,2
65503,1
65504,2
65505,3
65506,1
65507,2
65508,2
65509,1
65510,1
65511,4
65512,1
65513,4
65514,2
65515,1
65516,2
65518,1
65520,1
65521,1
65522,1
65523,2
65524,2
65525,1
65527,6
65528,2
65529,3
65530,3
65531,1
65533,2
65536,4
65537,4
65538,1
65539,2
65540,8
65541,1
65542,1
65543,2
65544,1
65545,1
65546,2
65547,1
65548,3
65549,3
65550,2
65551,1
65552,2
65554,1
65555,2
65556,1
65557,1
65558,3
65559,2
65560,1
65561,3
65562,1
65563,1
65564,1
65565,1
65566,2
65567,1
65568,1
65569,2
65570,4
65571,2
65572,2
65573,1
65574,1
65575,2
65576,4
65577,1
65578,5
65580,1
65581,3
65582,1
65583,4
65584,1
65585,2
65586,1
65587,2
65588,2
65589,1
65590,2
65591,2
65592,3
65593,1
65594,1
65595,1
65596,1
65597,2
65598,1
65600,2
65601,2
65602,1
65603,1
65604,1
65605,2
65606,1
65607,1
65609,4
65610,2
65613,1
65614,1
65615,2
65616,1
65617,1
65618,3
65620,1
65621,3
65622,1
65623,1
65624,1
65625,4
65626,1
65627,1
65628,1
65629,2
65630,2
65631,3
65632,1
65633,2
65634,1
65635,1
65636,1
65637,2
65638,1
65641,3
65642,3
65643,1
65644,2
65645,2
65646,1
65647,6
65648,1
65649,1
65650,5
65651,2
65652,1
65653,3
65654,1
65655,2
65656,2
65657,1
65658,2
65659,3
65660,1
65662,1
65664,2
65665,4
65666,1
65667,1
65668,6
65669,2
65670,2
65672,2
65673,4
65674,4
65675,1
65676,2
65677,1
65679,5
65681,1
65682,1
65683,2
65685,1
65686,4
65687,1
65688,1
65689,4
65690,1
65691,1
65692,2
65693,2
65694,3
65695,1
65696,1
65697,1
65698,2
65699,2
65700,1
65701,6
65702,1
65703,2
65704,4
65706,1
65707,6
65708,2
65709,4
65710,2
65711,4
65712,1
65713,1
65714,1
65715,2
65716,4
65717,1
65718,1
65719,1
65720,2
65721,2
65722,1
65723,2
65724,1
65725,1
65726,2
65727,1
65728,2
65729,1
65730,1
65731,2
65732,1
65733,3
65734,2
65735,2
65736,1
65737,3
65738,3
65740,4
65741,1
65742,2
65743,1
65744,2
65745,3
65746,2
65747,2
65748,2
65750,3
65751,1
65752,1
65753,1
65754,1
65755,2
65756,1
65757,3
65758,1
65759,1
65760,1
65761,1
65762,1
65763,4
65764,1
65765,1
65766,1
65767,2
65768,2
65769,4
65770,1
65771,2
65772,2
65773,2
65774,2
65775,1
65776,2
65777,1
65778,1
65779,1
65780,2
65781,3
65782,3
65783,1
65784,1
65785,1
65786,2
65787,3
65788,2
65789,2
65790,1
65791,1
65792,1
65793,2
65794,3
65795,1
65796,1
65797,1
65798,1
65800,6
65801,1
65802,1
65803,4
65804,2
65805,1
65807,2
65808,1
65809,2
65810,2
65811,3
65812,5
65813,1
65814,2
65815,2
65816,2
65817,1
65818,1
65819,3
65820,1
65821,4
65822,1
65823,1
65824,2
65825,2
65826,1
65827,2
65828,1
65829,2
65830,1
65832,1
65833,1
65835,1
65836,1
65838,1
65839,1
65840,1
65841,3
65842,1
65843,2
65844,1
65845,1
65846,1
65847,1
65848,1
65849,2
65850,1
65851,1
65852,1
65853,2
65854,1
65855,2
65856,2
65857,1
65858,2
65859,2
65860,2
65861,1
65862,4
65863,2
65864,1
65865,2
65866,2
65867,1
65868,2
65869,2
65870,1
65871,3
65872,1
65873,2
65874,2
65875,1
65876,1
65877,1
65878,1
65879,1
65880,1
65881,4
65882,3
65883,1
65884,2
65885,2
65886,3
65887,2
65888,2
65889,2
65890,1
65892,2
65893,2
65894,1
65895,2
65896,1
65898,3
65899,1
65900,1
65901,2
65902,2
65903,1
65904,1
65905,1
65906,1
65907,1
65909,1
65910,1
65911,2
65912,1
65913,2
65914,3
65915,1
65917,1
65918,1
65919,2
65920,1
65921,1
65922,2
65923,1
65924,1
65925,1
65926,1
65927,5
65928,1
65929,2
65930,2
65933,1
65934,1
65935,1
65937,2
65938,1
65939,1
65940,2
65942,1
65943,1
65944,1
65945,1
65946,1
65947,2
65948,1
65949,1
65950,1
65951,1
65953,1
65954,1
65955,1
65959,1
65960,1
65961,1
65962,2
65963,1
65964,2
65965,2
65966,1
65967,1
65968,1
65969,2
65970,1
65972,2
65974,1
65975,2
65976,2
65977,1
65978,1
65979,2
65980,1
65981,2
65982,1
65983,1
65984,1
65985,2
65987,1
65989,2
65990,1
65991,2
65996,1
65997,2
65998,4
65999,2
66000,1
66001,1
66002,1
66003,1
66004,2
66005,1
66006,1
66007,1
66008,1
66009,1
66010,5
66011,1
66012,2
66013,2
66014,2
66015,1
66016,4
66017,3
66018,1
66019,1
66020,1
66021,2
66022,1
66023,3
66024,2
66025,1
66026,1
66027,1
66028,1
66029,1
66030,1
66031,1
66032,2
66033,1
66034,1
66035,1
66036,1
66037,1
66038,1
66039,2
66040,2
66041,2
66042,2
66043,2
66044,4
66045,2
66046,2
66047,1
66048,1
66049,2
66050,2
66051,2
66052,2
66053,1
66054,2
66055,2
66056,1
66057,1
66058,1
66059,1
66060,5
66061,4
66062,1
66063,2
66064,1
66065,1
66066,2
66067,1
66068,3
66069,1
66070,1
66071,1
66072,2
66073,1
66074,1
66075,2
66076,1
66077,1
66078,1
66080,1
66081,1
66082,2
66083,3
66084,1
66085,1
66086,1
66087,1
66088,1
66089,1
66090,2
66091,2
66092,1
66093,1
66094,2
66095,2
66096,3
66097,2
66098,1
66099,2
66100,1
66101,3
66102,1
66103,3
66104,4
66105,2
66106,1
66107,1
66108,2
66109,1
66110,1
66111,1
66112,1
66113,1
66114,1
66115,1
66116,1
66117,1
66118,1
66119,2
66120,2
66121,1
66122,2
66123,1
66124,1
66125,1
66126,2
66127,2
66128,2
66129,2
66130,2
66131,1
66132,1
66133,1
66134,1
66135,1
66136,7
66137,1
66138,2
66139,1
66140,1
66141,2
66142,1
66143,1
66144,1
66145,1
66146,1
66147,1
66148,1
66150,1
66151,2
66152,1
66153,1
66154,2
66155,2
66156,2
66157,1
66158,1
66161,1
66162,1
66163,1
66164,2
66165,1
66166,2
66167,1
66168,4
66169,1
66170,1
66171,1
66172,2
66173,2
66174,2
66175,1
66176,1
66177,1
66178,3
66179,2
66180,2
66181,1
66182,1
66183,1
66184,3
66185,1
66186,1
66187,3
66188,2
66189,2
66190,1
66191,1
66192,2
66193,2
66194,2
66195,2
66196,1
66197,1
66198,1
66199,2
66200,2
66201,1
66202,1
66204,2
66205,2
66206,1
66207,2
66208,1
66209,1
66211,1
66212,1
66213,1
66214,1
66215,1
66216,2
66217,1
66218,1
66219,2
66220,2
66221,2
66222,1
66223,1
66224,1
66226,2
66227,1
66228,1
66229,1
66230,1
66231,2
66232,1
66233,1
66235,4
66236,2
66237,2
66238,1
66239,1
66240,1
66241,3
66242,1
66243,1
66244,2
66245,2
66246,2
66247,2
66248,2
66249,1
66250,1
66251,1
66252,1
66253,1
66254,3
66255,1
66256,1
66257,1
66258,1
66259,1
66260,2
66262,2
66263,1
66264,2
66265,1
66266,1
66267,1
66268,1
66269,2
66270,1
66271,2
66272,1
66273,1
66274,1
66275,1
66276,2
66277,1
66278,1
66279,1
66280,2
66281,1
66282,1
66283,2
66284,1
66285,1
66286,1
66287,1
66288,1
66289,2
66290,1
66291,4
66292,1
66293,2
66294,2
66295,2
66296,1
66297,1
66298,1
66299,1
66300,1
66301,1
66302,2
66303,1
66304,4
66305,2
66306,1
66307,2
66308,1
66309,4
66310,2
66311,1
66312,1
66313,2
66314,1
66315,2
66316,2
66317,2
66318,1
66319,2
66320,2
66321,3
66322,1
66323,4
66324,2
66325,1
66326,2
66327,2
66328,6
66329,1
66330,1
66331,1
66332,5
66333,4
66334,1
66335,1
66336,2
66337,1
66338,2
66339,3
66340,1
66341,2
66342,4
66343,1
66344,3
66346,2
66347,3
66348,2
66349,1
66350,3
66352,2
66353,1
66354,4
66355,4
66356,1
66357,1
66358,5
66359,1
66360,2
66361,1
66362,1
66363,1
66364,2
66365,4
66366,6
66367,2
66368,1
66370,2
66371,1
66372,1
66373,1
66374,3
66375,1
66376,1
66377,2
66378,4
66379,1
66380,3
66382,2
66383,2
66384,2
66385,2
66387,2
66388,2
66389,1
66390,1
66391,1
66392,1
66393,2
66394,1
66395,2
66396,2
66397,2
66398,3
66399,1
66400,2
66401,4
66402,1
66403,2
66404,3
66405,1
66407,2
66408,2
66409,1
66410,1
66411,1
66412,1
66413,1
66414,1
66415,1
66416,1
66417,1
66418,2
66419,1
66420,1
66421,1
66422,1
66423,2
66424,1
66425,1
66426,1
66427,1
66428,1
66429,2
66430,1
66431,1
66432,1
66433,2
66434,1
66435,2
66436,2
66437,1
66438,2
66439,2
66440,1
66441,1
66443,1
66444,1
66445,1
66446,2
66447,2
66448,1
66449,1
66450,1
66451,1
66452,1
66453,2
66454,2
66455,3
66456,1
66457,2
66458,2
66459,1
66460,2
66461,3
66463,1
66465,4
66466,2
66467,2
66468,2
66470,3
66471,3
66472,1
66473,3
66474,2
66475,3
66476,2
66477,1
66478,2
66479,1
66480,3
66481,1
66482,1
66484,1
66485,1
66486,2
66487,1
66488,1
66489,3
66490,1
66491,1
66492,3
66493,2
66495,1
66496,1
66497,4
66498,2
66499,1
66500,2
66501,1
66502,6
66503,1
66504,2
66505,3
66506,1
66507,1
66508,5
66509,2
66510,3
66511,1
66512,1
66513,1
66514,1
66515,3
66516,1
66517,1
66518,1
66519,4
66520,2
66521,4
66522,1
66523,1
66524,1
66525,1
66526,2
66527,1
66528,2
66529,1
66530,2
66531,2
66532,7
66533,1
66534,1
66535,2
66536,1
66537,1
66540,1
66541,2
66542,1
66543,1
66544,1
66545,2
66546,1
66547,4
66548,1
66549,1
66550,2
66551,2
66552,1
66553,3
66555,1
66556,3
66557,1
66558,1
66559,2
66560,2
66561,1
66562,1
66564,4
66565,2
66566,2
66567,1
66568,2
66569,1
66570,3
66571,4
66572,1
66573,3
66574,2
66575,1
66576,1
66577,1
66578,1
66579,3
66580,2
66581,2
66583,2
66584,1
66585,3
66587,1
66588,3
66589,1
66590,2
66591,1
66593,1
66594,1
66595,1
66596,1
66597,2
66598,1
66599,1
66600,1
66601,1
66603,1
66604,1
66605,1
66606,1
66607,4
66608,1
66609,1
66610,1
66611,1
66612,1
66613,1
66614,1
66615,3
66616,3
66617,1
66618,1
66619,1
66620,1
66622,1
66623,4
66624,3
66625,1
66626,2
66627,1
66628,1
66629,1
66630,1
66631,3
66632,1
66633,1
66634,1
66635,1
66636,2
66637,1
66638,2
66639,1
66641,2
66642,2
66643,1
66644,2
66645,1
66646,2
66647,1
66649,2
66651,1
66653,1
66654,1
66655,1
66656,1
66657,3
66658,1
66659,1
66660,1
66661,3
66662,1
66663,1
66664,1
66665,1
66666,1
66667,1
66668,2
66669,1
66670,1
66671,2
66672,1
66673,6
66674,1
66675,1
66676,1
66677,1
66678,2
66679,1
66680,1
66681,1
66682,2
66683,1
66684,1
66685,1
66686,1
66687,1
66688,1
66689,1
66690,1
66691,3
66692,1
66693,1
66694,1
66695,1
66696,1
66697,1
66698,1
66699,2
66700,4
66701,1
66702,1
66704,1
66705,1
66706,3
66707,2
66708,1
66709,1
66711,1
66712,3
66713,1
66714,1
66715,2
66716,1
66717,1
66718,3
66720,2
66721,1
66722,1
66723,1
66724,1
66725,2
66726,2
66727,1
66728,1
66729,3
66730,2
66732,2
66733,1
66734,4
66735,1
66736,1
66737,1
66738,1
66739,1
66740,1
66741,1
66742,1
66743,1
66744,1
66745,3
66746,2
66747,5
66748,2
66749,1
66750,1
66751,1
66752,2
66753,2
66755,2
66757,1
66759,3
66760,1
66761,1
66762,1
66763,1
66764,2
66765,1
66766,1
66767,1
66768,2
66769,2
66770,1
66771,1
66772,1
66773,2
66774,2
66775,2
66776,1
66777,1
66778,5
66779,1
66780,1
66781,2
66782,1
66784,1
66785,1
66786,2
66787,1
66788,1
66789,4
66790,1
66791,1
66792,3
66793,5
66794,2
66795,1
66796,1
66797,1
66798,1
66800,1
66801,1
66802,2
66803,2
66804,1
66805,4
66806,1
66807,2
66808,2
66809,1
66810,1
66811,2
66812,1
66813,1
66815,1
66816,1
66817,1
66818,1
66819,3
66820,1
66821,1
66822,1
66823,1
66824,2
66825,5
66826,1
66827,2
66828,1
66829,1
66830,1
66831,3
66832,1
66833,1
66834,2
66835,1
66836,1
66837,1
66838,3
66839,1
66840,1
66841,2
66842,1
66843,1
66844,3
66845,1
66846,1
66847,2
66848,1
66849,4
66850,1
66851,2
66855,1
66856,1
66857,1
66859,1
66860,2
66861,2
66862,1
66863,2
66864,3
66865,2
66866,1
66867,1
66868,1
66869,2
66870,2
66872,2
66873,1
66874,2
66875,3
66876,1
66877,2
66878,1
66879,1
66880,1
66882,1
66883,2
66884,1
66886,1
66887,3
66888,1
66889,1
66890,1
66892,1
66893,1
66894,1
66895,1
66896,2
66897,1
66898,4
66899,2
66900,1
66901,1
66902,1
66903,3
66904,3
66905,1
66906,1
66907,1
66908,1
66917,1
66918,1
66919,1
66920,1
66921,2
66924,1
66925,1
66926,1
66927,3
66928,4
66929,1
66930,3
66932,1
66933,3
66934,1
66935,2
66936,2
66938,1
66939,1
66940,1
66941,1
66942,1
66943,1
66944,1
66948,2
66949,1
66951,3
66952,2
66953,2
66955,1
66958,1
66959,2
66960,1
66961,1
66962,1
66963,1
66965,1
66966,3
66967,2
66968,1
66969,2
66970,1
66971,1
66972,1
66973,1
66974,1
66975,5
66976,1
66977,5
66978,1
66979,2
66980,3
66981,1
66982,1
66983,1
66985,1
66986,1
66987,1
66988,1
66989,2
66990,6
66991,1
66992,2
66993,2
66995,2
66997,1
66998,1
66999,2
67001,1
67002,2
67003,1
67004,1
67007,1
67008,1
67009,1
67011,1
67012,1
67013,1
67014,2
67015,1
67016,1
67018,1
67019,2
67020,1
67021,1
67022,1
67024,1
67025,1
67026,1
67027,2
67028,1
67029,2
67030,1
67031,1
67032,1
67033,1
67034,2
67036,2
67037,1
67038,1
67039,1
67040,1
67041,1
67042,1
67043,2
67044,1
67045,2
67046,1
67048,1
67049,1
67050,1
67052,1
67054,1
67055,1
67057,2
67058,2
67059,1
67060,1
67061,2
67062,1
67063,1
67064,1
67066,1
67067,2
67069,1
67070,1
67071,2
67072,1
67074,1
67075,1
67076,1
67077,1
67078,1
67080,1
67081,1
67082,1
67083,1
67084,1
67085,3
67086,1
67087,1
67088,2
67089,2
67091,3
67092,1
67093,3
67094,1
67095,1
67096,1
67097,1
67098,1
67099,1
67100,2
67101,2
67102,2
67103,2
67104,1
67106,1
67107,1
67108,1
67109,1
67111,1
67112,1
67113,2
67114,1
67115,1
67116,1
67117,2
67118,1
67119,1
67120,1
67121,1
67122,2
67123,2
67125,1
67126,1
67127,1
67129,1
67130,1
67131,1
67132,1
67135,1
67136,1