,lead_id,notCust,Cust
0,49644,0.0,1.0
1,18292,0.0,1.0
2,5265,1.0,0.0
3,21958,1.0,0.0
4,49478,0.0,1.0
5,16241,1.0,0.0
6,18716,0.0,1.0
7,48153,0.0,1.0
8,12081,0.0,1.0
9,10332,1.0,0.0
10,34090,0.0,1.0
11,24532,1.0,0.0
12,10851,0.0,1.0
13,41329,0.0,1.0
14,10179,1.0,0.0
15,22426,0.0,1.0
16,34990,0.0,1.0
17,34571,1.0,0.0
18,33773,0.0,1.0
19,32529,1.0,0.0
20,10311,1.0,0.0
21,33538,0.0,1.0
22,17039,0.0,1.0
23,1423,1.0,0.0
24,10254,1.0,0.0
25,30046,0.0,1.0
26,9909,0.0,1.0
27,25678,0.0,1.0
28,25517,0.0,1.0
29,12922,1.0,0.0
30,12559,0.0,1.0
31,874,0.0,1.0
32,1318,1.0,0.0
33,8302,1.0,0.0
34,24771,0.0,1.0
35,15772,0.0,1.0
36,27116,0.0,1.0
37,17064,1.0,0.0
38,11799,1.0,0.0
39,16436,0.0,1.0
40,24890,0.0,1.0
41,28807,0.0,1.0
42,32304,1.0,0.0
43,18581,1.0,0.0
44,22037,0.0,1.0
45,35288,0.0,1.0
46,37169,1.0,0.0
47,8805,1.0,0.0
48,39373,0.0,1.0
49,24264,1.0,0.0
50,33120,1.0,0.0
51,44130,0.0,1.0
52,26226,0.0,1.0
53,33916,1.0,0.0
54,41581,0.0,1.0
55,9356,0.0,1.0
56,41620,0.0,1.0
57,9337,1.0,0.0
58,7376,0.0,1.0
59,29962,0.0,1.0
60,6062,1.0,0.0
61,1351,1.0,0.0
62,11893,0.0,1.0
63,30906,0.0,1.0
64,26922,0.0,1.0
65,11908,1.0,0.0
66,6271,0.0,1.0
67,21925,0.0,1.0
68,7629,0.0,1.0
69,14109,1.0,0.0
70,13138,0.0,1.0
71,12637,1.0,0.0
72,4484,0.0,1.0
73,1654,1.0,0.0
74,3416,1.0,0.0
75,53020,1.0,0.0
76,19632,1.0,0.0
77,24993,0.0,1.0
78,19623,1.0,0.0
79,23043,0.0,1.0
80,39826,0.0,1.0
81,37223,0.0,1.0
82,8858,1.0,0.0
83,6846,1.0,0.0
84,38983,0.0,1.0
85,8477,1.0,0.0
86,19571,1.0,0.0
87,18467,1.0,0.0
88,8235,0.0,1.0
89,16868,1.0,0.0
90,11331,1.0,0.0
91,48159,0.0,1.0
92,2627,0.0,1.0
93,15897,0.0,1.0
94,29211,0.0,1.0
95,18860,0.0,1.0
96,46787,1.0,0.0
97,19775,1.0,0.0
98,42992,1.0,0.0
99,440,1.0,0.0
100,40311,1.0,0.0
101,23238,0.0,1.0
102,40212,0.0,1.0
103,28437,0.0,1.0
104,45069,1.0,0.0
105,16575,1.0,0.0
106,9517,1.0,0.0
107,22723,0.0,1.0
108,44300,0.0,1.0
109,49218,1.0,0.0
110,13593,1.0,0.0
111,715,1.0,0.0
112,19030,0.0,1.0
113,38914,0.0,1.0
114,26191,0.0,1.0
115,22037,0.0,1.0
116,27649,1.0,0.0
117,5394,0.0,1.0
118,1695,0.0,1.0
119,22727,0.0,1.0
120,26389,1.0,0.0
121,30906,0.0,1.0
122,40185,1.0,0.0
123,17441,0.0,1.0
124,1804,0.0,1.0
125,19006,0.0,1.0
126,27249,0.0,1.0
127,49860,0.0,1.0
128,33369,1.0,0.0
129,14448,0.0,1.0
130,4229,0.0,1.0
131,30210,1.0,0.0
132,25838,0.0,1.0
133,5078,1.0,0.0
134,35612,0.0,1.0
135,38977,1.0,0.0
136,18417,0.0,1.0
137,1849,1.0,0.0
138,16030,0.0,1.0
139,33907,0.0,1.0
140,25646,0.0,1.0
141,24468,1.0,0.0
142,31390,0.0,1.0
143,30245,0.0,1.0
144,6185,1.0,0.0
145,18033,0.0,1.0
146,23238,0.0,1.0
147,37955,0.0,1.0
148,49780,1.0,0.0
149,13260,0.0,1.0
150,41888,1.0,0.0
151,33876,0.0,1.0
152,7402,0.0,1.0
153,7126,1.0,0.0
154,31427,0.0,1.0
155,28729,0.0,1.0
156,36505,0.0,1.0
157,45491,1.0,0.0
158,15506,0.0,1.0
159,28769,1.0,0.0
160,16255,0.0,1.0
161,9648,0.0,1.0
162,5928,1.0,0.0
163,23267,0.0,1.0
164,50783,1.0,0.0
165,2947,0.0,1.0
166,18113,0.0,1.0
167,31860,0.0,1.0
168,768,1.0,0.0
169,13513,1.0,0.0
170,34081,1.0,0.0
171,8357,1.0,0.0
172,6383,0.0,1.0
173,26747,1.0,0.0
174,43064,0.0,1.0
175,8495,0.0,1.0
176,21722,0.0,1.0
177,25280,1.0,0.0
178,37177,0.0,1.0
179,18730,1.0,0.0
180,5851,1.0,0.0
181,26313,0.0,1.0
182,19337,1.0,0.0
183,30258,0.0,1.0
184,22305,0.0,1.0
185,24538,0.0,1.0
186,16089,1.0,0.0
187,35959,0.0,1.0
188,43536,1.0,0.0
189,6271,0.0,1.0
190,8377,0.0,1.0
191,9746,0.0,1.0
192,7041,0.0,1.0
193,33714,0.0,1.0
194,26363,0.0,1.0
195,37888,0.0,1.0
196,829,1.0,0.0
197,26919,0.0,1.0
198,9415,0.0,1.0
199,37932,0.0,1.0
200,35014,0.0,1.0
201,12872,1.0,0.0
202,775,1.0,0.0
203,13511,0.0,1.0
204,44031,1.0,0.0
205,8644,1.0,0.0
206,3810,0.0,1.0
207,35318,1.0,0.0
208,3815,0.0,1.0
209,9915,0.0,1.0
210,22603,1.0,0.0
211,1333,1.0,0.0
212,30247,0.0,1.0
213,4950,0.0,1.0
214,29991,1.0,0.0
215,32013,0.0,1.0
216,10665,1.0,0.0
217,18191,0.0,1.0
218,19857,0.0,1.0
219,27745,0.0,1.0
220,50615,0.0,1.0
221,14390,1.0,0.0
222,2852,1.0,0.0
223,23387,0.0,1.0
224,23899,1.0,0.0
225,14686,0.0,1.0
226,40099,1.0,0.0
227,31878,0.0,1.0
228,1141,0.0,1.0
229,43288,1.0,0.0
230,20115,0.0,1.0
231,10029,1.0,0.0
232,48942,0.0,1.0
233,15170,0.0,1.0
234,14736,0.0,1.0
235,35586,1.0,0.0
236,50404,1.0,0.0
237,8091,1.0,0.0
238,21459,0.0,1.0
239,2982,0.0,1.0
240,19030,0.0,1.0
241,11270,1.0,0.0
242,40073,0.0,1.0
243,45309,1.0,0.0
244,862,1.0,0.0
245,3568,0.0,1.0
246,2319,1.0,0.0
247,35136,0.0,1.0
248,32909,0.0,1.0
249,31934,0.0,1.0
250,13407,0.0,1.0
251,38647,0.0,1.0
252,29782,0.0,1.0
253,2665,1.0,0.0
254,26376,0.0,1.0
255,33882,1.0,0.0
256,52931,0.0,1.0
257,19025,1.0,0.0
258,22348,0.0,1.0
259,50006,1.0,0.0
260,41723,1.0,0.0
261,2428,0.0,1.0
262,15414,1.0,0.0
263,24141,0.0,1.0
264,11763,0.0,1.0
265,26016,1.0,0.0
266,24595,1.0,0.0
267,10229,0.0,1.0
268,33029,0.0,1.0
269,48159,0.0,1.0
270,7780,0.0,1.0
271,27604,0.0,1.0
272,27880,0.0,1.0
273,38049,0.0,1.0
274,17788,1.0,0.0
275,32198,0.0,1.0
276,17448,1.0,0.0
277,35710,1.0,0.0
278,8784,1.0,0.0
279,5073,1.0,0.0
280,20341,1.0,0.0
281,35115,1.0,0.0
282,10472,1.0,0.0
283,13822,1.0,0.0
284,5394,0.0,1.0
285,51819,0.0,1.0
286,37121,0.0,1.0
287,6807,0.0,1.0
288,25273,0.0,1.0
289,7750,1.0,0.0
290,2982,0.0,1.0
291,29057,1.0,0.0
292,40664,0.0,1.0
293,46826,1.0,0.0
294,38914,0.0,1.0
295,18509,0.0,1.0
296,23651,1.0,0.0
297,36086,0.0,1.0
298,17841,1.0,0.0
299,8165,0.0,1.0
300,21600,0.0,1.0
301,48159,0.0,1.0
302,21685,0.0,1.0
303,48153,0.0,1.0
304,7878,0.0,1.0
305,3504,0.0,1.0
306,34415,0.0,1.0
307,14719,0.0,1.0
308,5476,0.0,1.0
309,32532,1.0,0.0
310,30304,1.0,0.0
311,9336,1.0,0.0
312,1794,1.0,0.0
313,21493,1.0,0.0
314,1825,1.0,0.0
315,22723,0.0,1.0
316,19239,0.0,1.0
317,9224,1.0,0.0
318,30934,0.0,1.0
319,8447,0.0,1.0
320,11025,0.0,1.0
321,5558,0.0,1.0
322,12682,1.0,0.0
323,44323,0.0,1.0
324,41269,1.0,0.0
325,10962,1.0,0.0
326,7041,0.0,1.0
327,32684,0.0,1.0
328,26921,1.0,0.0
329,19886,1.0,0.0
330,3997,0.0,1.0
331,36979,1.0,0.0
332,4278,0.0,1.0
333,35067,1.0,0.0
334,32133,1.0,0.0
335,6091,0.0,1.0
336,40858,0.0,1.0
337,22348,0.0,1.0
338,35001,0.0,1.0
339,35078,1.0,0.0
340,5213,0.0,1.0
341,14228,0.0,1.0
342,23137,1.0,0.0
343,27527,0.0,1.0
344,25542,1.0,0.0
345,45443,1.0,0.0
346,35295,1.0,0.0
347,13864,1.0,0.0
348,33240,0.0,1.0
349,26201,0.0,1.0
350,30595,1.0,0.0
351,25936,0.0,1.0
352,1627,1.0,0.0
353,26744,1.0,0.0
354,33275,1.0,0.0
355,50402,1.0,0.0
356,11546,1.0,0.0
357,15607,0.0,1.0
358,40947,1.0,0.0
359,24484,0.0,1.0
360,28465,0.0,1.0
361,23097,0.0,1.0
362,14595,0.0,1.0
363,42145,1.0,0.0
364,3939,0.0,1.0
365,21614,0.0,1.0
366,19565,0.0,1.0
367,28704,1.0,0.0
368,1799,1.0,0.0
369,16512,1.0,0.0
370,49086,0.0,1.0
371,1697,0.0,1.0
372,39048,1.0,0.0
373,31781,0.0,1.0
374,14078,0.0,1.0
375,23596,1.0,0.0
376,27880,0.0,1.0
377,21751,0.0,1.0
378,34990,0.0,1.0
379,16957,1.0,0.0
380,32625,0.0,1.0
381,48590,0.0,1.0
382,49523,0.0,1.0
383,2658,1.0,0.0
384,11550,1.0,0.0
385,48919,1.0,0.0
386,50773,1.0,0.0
387,25090,0.0,1.0
388,44282,1.0,0.0
389,29291,0.0,1.0
390,50341,1.0,0.0
391,35136,0.0,1.0
392,18985,0.0,1.0
393,2928,1.0,0.0
394,19127,1.0,0.0
395,19997,1.0,0.0
396,23896,1.0,0.0
397,31499,1.0,0.0
398,51586,0.0,1.0
399,24377,0.0,1.0
400,2427,1.0,0.0
401,24518,1.0,0.0
402,23946,0.0,1.0
403,21772,0.0,1.0
404,45105,1.0,0.0
405,12824,0.0,1.0
406,7885,1.0,0.0
407,18099,1.0,0.0
408,15870,0.0,1.0
409,37121,0.0,1.0
410,18969,0.0,1.0
411,34826,1.0,0.0
412,18983,1.0,0.0
413,21922,1.0,0.0
414,34742,1.0,0.0
415,19916,0.0,1.0
416,15462,0.0,1.0
417,26275,1.0,0.0
418,16143,0.0,1.0
419,1300,1.0,0.0
420,25223,1.0,0.0
421,26376,0.0,1.0
422,37932,0.0,1.0
423,43464,0.0,1.0
424,5525,0.0,1.0
425,13791,1.0,0.0
426,9857,0.0,1.0
427,37086,1.0,0.0
428,23431,0.0,1.0
429,18306,1.0,0.0
430,31780,1.0,0.0
431,8998,1.0,0.0
432,44540,1.0,0.0
433,42902,0.0,1.0
434,51174,1.0,0.0
435,15870,0.0,1.0
436,15420,1.0,0.0
437,18642,1.0,0.0
438,10816,0.0,1.0
439,17354,1.0,0.0
440,1293,1.0,0.0
441,4782,1.0,0.0
442,4206,0.0,1.0
443,5319,0.0,1.0
444,14987,0.0,1.0
445,26258,1.0,0.0
446,32628,0.0,1.0
447,8949,1.0,0.0
448,41648,1.0,0.0
449,14974,0.0,1.0
450,14988,1.0,0.0
451,3761,0.0,1.0
452,32838,0.0,1.0
453,4984,0.0,1.0
454,44115,1.0,0.0
455,6049,1.0,0.0
456,36185,1.0,0.0
457,26485,1.0,0.0
458,3547,1.0,0.0
459,9909,0.0,1.0
460,9821,1.0,0.0
461,32067,0.0,1.0
462,32184,0.0,1.0
463,34042,0.0,1.0
464,3657,0.0,1.0
465,9689,0.0,1.0
466,12871,0.0,1.0
467,13818,0.0,1.0
468,45766,1.0,0.0
469,41731,0.0,1.0
470,52904,1.0,0.0
471,14013,0.0,1.0
472,25577,0.0,1.0
473,20263,1.0,0.0
474,31741,0.0,1.0
475,12407,0.0,1.0
476,18249,0.0,1.0
477,27745,0.0,1.0
478,34014,0.0,1.0
479,24417,0.0,1.0
480,2182,1.0,0.0
481,25517,0.0,1.0
482,12312,0.0,1.0
483,1337,0.0,1.0
484,16772,1.0,0.0
485,19970,1.0,0.0
486,22673,1.0,0.0
487,47389,0.0,1.0
488,48153,0.0,1.0
489,39686,0.0,1.0
490,23147,1.0,0.0
491,17347,1.0,0.0
492,12824,0.0,1.0
493,15946,0.0,1.0
494,35014,0.0,1.0
495,18560,1.0,0.0
496,11609,1.0,0.0
497,17029,0.0,1.0
498,11462,1.0,0.0
499,3274,0.0,1.0
500,45984,0.0,1.0
501,24150,0.0,1.0
502,32691,1.0,0.0
503,15124,1.0,0.0
504,18079,0.0,1.0
505,27576,0.0,1.0
506,4617,0.0,1.0
507,14061,1.0,0.0
508,10769,0.0,1.0
509,26349,1.0,0.0
510,50635,0.0,1.0
511,23710,0.0,1.0
512,30335,0.0,1.0
513,350,0.0,1.0
514,4701,1.0,0.0
515,32135,1.0,0.0
516,19328,1.0,0.0
517,9866,1.0,0.0
518,28930,0.0,1.0
519,18664,0.0,1.0
520,21753,0.0,1.0
521,15017,0.0,1.0
522,29871,0.0,1.0
523,18683,1.0,0.0
524,4617,0.0,1.0
525,16646,1.0,0.0
526,33907,0.0,1.0
527,26066,1.0,0.0
528,34864,0.0,1.0
529,23523,1.0,0.0
530,15514,1.0,0.0
531,2122,0.0,1.0
532,7699,1.0,0.0
533,50161,1.0,0.0
534,7667,1.0,0.0
535,39774,1.0,0.0
536,35686,0.0,1.0
537,14719,0.0,1.0
538,1400,1.0,0.0
539,6776,1.0,0.0
540,2880,1.0,0.0
541,23404,0.0,1.0
542,24238,0.0,1.0
543,13816,1.0,0.0
544,51747,0.0,1.0
545,14078,0.0,1.0
546,49478,0.0,1.0
547,35189,0.0,1.0
548,35803,1.0,0.0
549,7577,1.0,0.0
550,21779,1.0,0.0
551,52672,1.0,0.0
552,2194,1.0,0.0
553,3862,0.0,1.0
554,1490,1.0,0.0
555,1399,0.0,1.0
556,52808,0.0,1.0
557,7383,0.0,1.0
558,29291,0.0,1.0
559,17069,1.0,0.0
560,39409,0.0,1.0
561,37037,0.0,1.0
562,33373,0.0,1.0
563,18308,0.0,1.0
564,7824,1.0,0.0
565,22414,0.0,1.0
566,29355,0.0,1.0
567,30146,0.0,1.0
568,19024,1.0,0.0
569,5498,1.0,0.0
570,24677,0.0,1.0
571,12669,0.0,1.0
572,31555,0.0,1.0
573,5964,0.0,1.0
574,35959,0.0,1.0
575,37073,1.0,0.0
576,25577,0.0,1.0
577,42645,1.0,0.0
578,33138,1.0,0.0
579,34562,0.0,1.0
580,1190,1.0,0.0
581,6834,0.0,1.0
582,18395,0.0,1.0
583,49653,0.0,1.0
584,45478,0.0,1.0
585,15107,1.0,0.0
586,19375,1.0,0.0
587,5457,0.0,1.0
588,4120,0.0,1.0
589,3274,0.0,1.0
590,5535,1.0,0.0
591,15946,0.0,1.0
592,13063,0.0,1.0
593,26880,0.0,1.0
594,18113,0.0,1.0
595,1245,0.0,1.0
596,27334,0.0,1.0
597,10818,1.0,0.0
598,8194,0.0,1.0
599,10902,0.0,1.0
600,34090,0.0,1.0
601,53038,0.0,1.0
602,31421,1.0,0.0
603,48153,0.0,1.0
604,15919,1.0,0.0
605,15188,0.0,1.0
606,16197,1.0,0.0
607,11721,0.0,1.0
608,15188,0.0,1.0
609,6645,0.0,1.0
610,9755,1.0,0.0
611,23001,0.0,1.0
612,22704,1.0,0.0
613,5787,1.0,0.0
614,15317,1.0,0.0
615,35788,0.0,1.0
616,27181,0.0,1.0
617,36863,1.0,0.0
618,8194,0.0,1.0
619,1628,0.0,1.0
620,6274,0.0,1.0
621,44181,0.0,1.0
622,15945,0.0,1.0
623,49182,1.0,0.0
624,3296,0.0,1.0
625,12251,1.0,0.0
626,32941,1.0,0.0
627,16260,1.0,0.0
628,15832,1.0,0.0
629,24679,1.0,0.0
630,4456,1.0,0.0
631,844,0.0,1.0
632,13434,1.0,0.0
633,7757,1.0,0.0
634,8503,1.0,0.0
635,15744,0.0,1.0
636,23894,1.0,0.0
637,13819,0.0,1.0
638,17791,1.0,0.0
639,30418,0.0,1.0
640,43212,1.0,0.0
641,7780,0.0,1.0
642,22001,1.0,0.0
643,31243,0.0,1.0
644,52387,1.0,0.0
645,21727,0.0,1.0
646,14395,0.0,1.0
647,50947,1.0,0.0
648,15185,1.0,0.0
649,17641,0.0,1.0
650,15393,1.0,0.0
651,6203,1.0,0.0
652,13346,0.0,1.0
653,498,0.0,1.0
654,20238,0.0,1.0
655,24281,0.0,1.0
656,20198,0.0,1.0
657,9398,0.0,1.0
658,27316,1.0,0.0
659,21480,1.0,0.0
660,8788,0.0,1.0
661,2947,0.0,1.0
662,26707,1.0,0.0
663,43930,1.0,0.0
664,43571,0.0,1.0
665,13659,1.0,0.0
666,31703,1.0,0.0
667,33240,0.0,1.0
668,25957,1.0,0.0
669,24798,0.0,1.0
670,24771,0.0,1.0
671,23649,0.0,1.0
672,33102,0.0,1.0
673,29871,0.0,1.0
674,1383,1.0,0.0
675,6122,1.0,0.0
676,37651,1.0,0.0
677,24564,1.0,0.0
678,29550,1.0,0.0
679,12032,1.0,0.0
680,51970,0.0,1.0
681,21703,0.0,1.0
682,19925,1.0,0.0
683,52656,1.0,0.0
684,28602,1.0,0.0
685,24543,1.0,0.0
686,17832,1.0,0.0
687,33129,0.0,1.0
688,7863,0.0,1.0
689,6912,0.0,1.0
690,44453,1.0,0.0
691,31367,1.0,0.0
692,17842,0.0,1.0
693,22085,1.0,0.0
694,52263,1.0,0.0
695,9414,0.0,1.0
696,8772,1.0,0.0
697,24395,0.0,1.0
698,27470,0.0,1.0
699,8374,0.0,1.0
700,41356,0.0,1.0
701,47858,1.0,0.0
702,27549,0.0,1.0
703,31782,0.0,1.0
704,47362,1.0,0.0
705,8266,0.0,1.0
706,24018,0.0,1.0
707,35042,1.0,0.0
708,24018,0.0,1.0
709,10259,1.0,0.0
710,27374,0.0,1.0
711,3558,1.0,0.0
712,1284,0.0,1.0
713,30473,1.0,0.0
714,10714,1.0,0.0
715,32905,0.0,1.0
716,9319,1.0,0.0
717,25162,0.0,1.0
718,4120,0.0,1.0
719,18226,0.0,1.0
720,15364,1.0,0.0
721,15160,0.0,1.0
722,321,0.0,1.0
723,2124,0.0,1.0
724,36481,1.0,0.0
725,7940,0.0,1.0
726,50862,1.0,0.0
727,3712,0.0,1.0
728,19011,1.0,0.0
729,49385,0.0,1.0
730,28720,0.0,1.0
731,23170,1.0,0.0
732,29975,0.0,1.0
733,6883,1.0,0.0
734,9025,1.0,0.0
735,12791,0.0,1.0
736,24947,0.0,1.0
737,22221,0.0,1.0
738,40358,0.0,1.0
739,27797,0.0,1.0
740,13052,1.0,0.0
741,29978,1.0,0.0
742,4525,1.0,0.0
743,47259,1.0,0.0
744,22552,1.0,0.0
745,9316,1.0,0.0
746,4966,1.0,0.0
747,7909,0.0,1.0
748,1602,1.0,0.0
749,15884,1.0,0.0
750,37222,0.0,1.0
751,32264,1.0,0.0
752,41262,0.0,1.0
753,25646,0.0,1.0
754,16204,1.0,0.0
755,39998,0.0,1.0
756,2625,1.0,0.0
757,37037,0.0,1.0
758,10446,1.0,0.0
759,48695,0.0,1.0
760,3278,0.0,1.0
761,14120,1.0,0.0
762,17820,1.0,0.0
763,19784,0.0,1.0
764,26922,0.0,1.0
765,8868,0.0,1.0
766,25551,0.0,1.0
767,26864,0.0,1.0
768,8868,0.0,1.0
769,31504,1.0,0.0
770,12929,0.0,1.0
771,7123,1.0,0.0
772,14716,1.0,0.0
773,371,0.0,1.0
774,5532,0.0,1.0
775,10268,0.0,1.0
776,5792,1.0,0.0
777,6511,1.0,0.0
778,17850,1.0,0.0
779,7450,1.0,0.0
780,20068,1.0,0.0
781,22400,0.0,1.0
782,16031,0.0,1.0
783,9724,0.0,1.0
784,26181,1.0,0.0
785,32067,0.0,1.0
786,24281,0.0,1.0
787,7847,0.0,1.0
788,23533,1.0,0.0
789,51996,1.0,0.0
790,32647,0.0,1.0
791,20301,0.0,1.0
792,12864,1.0,0.0
793,30500,1.0,0.0
794,39801,1.0,0.0
795,25646,0.0,1.0
796,45689,1.0,0.0
797,14060,0.0,1.0
798,19391,0.0,1.0
799,36025,0.0,1.0
800,12644,1.0,0.0
801,34655,0.0,1.0
802,8677,1.0,0.0
803,19483,1.0,0.0
804,44659,1.0,0.0
805,50882,1.0,0.0
806,14725,0.0,1.0
807,48153,0.0,1.0
808,7607,0.0,1.0
809,30419,0.0,1.0
810,39686,0.0,1.0
811,15726,1.0,0.0
812,7419,1.0,0.0
813,8267,1.0,0.0
814,42661,0.0,1.0
815,51122,1.0,0.0
816,16074,1.0,0.0
817,4281,0.0,1.0
818,12045,1.0,0.0
819,26663,1.0,0.0
820,51121,0.0,1.0
821,26299,0.0,1.0
822,29512,0.0,1.0
823,47904,0.0,1.0
824,16498,1.0,0.0
825,14719,0.0,1.0
826,26938,1.0,0.0
827,31089,0.0,1.0
828,25273,0.0,1.0
829,4202,1.0,0.0
830,48695,0.0,1.0
831,30294,0.0,1.0
832,22214,1.0,0.0
833,52859,1.0,0.0
834,8197,0.0,1.0
835,22077,0.0,1.0
836,18249,0.0,1.0
837,5457,0.0,1.0
838,52920,0.0,1.0
839,35651,1.0,0.0
840,17527,1.0,0.0
841,1773,1.0,0.0
842,48590,0.0,1.0
843,5735,0.0,1.0
844,26896,1.0,0.0
845,4322,0.0,1.0
846,1370,1.0,0.0
847,21611,1.0,0.0
848,9455,1.0,0.0
849,38414,0.0,1.0
850,53038,0.0,1.0
851,41311,1.0,0.0
852,11097,1.0,0.0
853,5319,0.0,1.0
854,18126,0.0,1.0
855,16670,1.0,0.0
856,24939,0.0,1.0
857,23143,0.0,1.0
858,18949,1.0,0.0
859,30510,0.0,1.0
860,51193,1.0,0.0
861,32413,0.0,1.0
862,50388,1.0,0.0
863,28427,0.0,1.0
864,5292,1.0,0.0
865,48728,0.0,1.0
866,30418,0.0,1.0
867,27053,1.0,0.0
868,40402,0.0,1.0
869,488,0.0,1.0
870,52394,0.0,1.0
871,8788,0.0,1.0
872,25596,0.0,1.0
873,23681,1.0,0.0
874,18559,1.0,0.0
875,11830,0.0,1.0
876,51121,0.0,1.0
877,18651,0.0,1.0
878,25180,0.0,1.0
879,13341,1.0,0.0
880,2229,0.0,1.0
881,16798,0.0,1.0
882,18481,0.0,1.0
883,37677,1.0,0.0
884,10094,1.0,0.0
885,23298,0.0,1.0
886,23106,0.0,1.0
887,18576,0.0,1.0
888,14974,0.0,1.0
889,3036,1.0,0.0
890,43527,1.0,0.0
891,33338,1.0,0.0
892,52186,1.0,0.0
893,15186,1.0,0.0
894,9090,1.0,0.0
895,12095,1.0,0.0
896,29589,0.0,1.0
897,7484,1.0,0.0
898,4359,0.0,1.0
899,6038,0.0,1.0
900,29270,0.0,1.0
901,29940,0.0,1.0
902,18767,0.0,1.0
903,10906,1.0,0.0
904,22305,0.0,1.0
905,29746,0.0,1.0
906,11045,0.0,1.0
907,35214,0.0,1.0
908,13732,1.0,0.0
909,33453,0.0,1.0
910,22723,0.0,1.0
911,51121,0.0,1.0
912,11144,1.0,0.0
913,1287,1.0,0.0
914,1281,1.0,0.0
915,5241,0.0,1.0
916,7787,1.0,0.0
917,36833,0.0,1.0
918,26628,1.0,0.0
919,1023,1.0,0.0
920,8165,0.0,1.0
921,50626,1.0,0.0
922,15981,0.0,1.0
923,5327,0.0,1.0
924,4241,0.0,1.0
925,18607,1.0,0.0
926,30254,1.0,0.0
927,24865,1.0,0.0
928,5403,0.0,1.0
929,43633,0.0,1.0
930,5675,1.0,0.0
931,22922,1.0,0.0
932,8262,0.0,1.0
933,27426,1.0,0.0
934,50443,1.0,0.0
935,34250,1.0,0.0
936,11899,1.0,0.0
937,5293,1.0,0.0
938,18019,1.0,0.0
939,49166,1.0,0.0
940,6704,1.0,0.0
941,15387,0.0,1.0
942,49619,0.0,1.0
943,49860,0.0,1.0
944,14206,1.0,0.0
945,5342,0.0,1.0
946,6686,0.0,1.0
947,30067,0.0,1.0
948,21610,0.0,1.0
949,17580,0.0,1.0
950,26113,0.0,1.0
951,13821,1.0,0.0
952,41620,0.0,1.0
953,24471,1.0,0.0
954,10642,1.0,0.0
955,3859,1.0,0.0
956,25985,1.0,0.0
957,17481,1.0,0.0
958,32508,0.0,1.0
959,9393,0.0,1.0
960,22426,0.0,1.0
961,25325,1.0,0.0
962,17844,0.0,1.0
963,17623,1.0,0.0
964,3828,1.0,0.0
965,36600,0.0,1.0
966,10841,0.0,1.0
967,2969,1.0,0.0
968,30245,0.0,1.0
969,49047,0.0,1.0
970,46760,0.0,1.0
971,14709,1.0,0.0
972,20556,1.0,0.0
973,22530,1.0,0.0
974,732,0.0,1.0
975,3225,1.0,0.0
976,50618,0.0,1.0
977,7580,0.0,1.0
978,21892,0.0,1.0
979,12167,0.0,1.0
980,25783,0.0,1.0
981,13415,0.0,1.0
982,11725,1.0,0.0
983,15212,1.0,0.0
984,19515,1.0,0.0
985,16980,1.0,0.0
986,39641,1.0,0.0
987,50437,0.0,1.0
988,9981,1.0,0.0
989,20198,0.0,1.0
990,22009,1.0,0.0
991,2144,1.0,0.0
992,8367,0.0,1.0
993,48590,0.0,1.0
994,48099,1.0,0.0
995,24163,0.0,1.0
996,10229,0.0,1.0
997,25480,1.0,0.0
998,31878,0.0,1.0
999,34475,1.0,0.0
1000,25826,1.0,0.0
1001,33861,0.0,1.0
1002,7941,1.0,0.0
1003,51881,1.0,0.0
1004,17270,1.0,0.0
1005,3517,0.0,1.0
1006,4322,0.0,1.0
1007,9426,0.0,1.0
1008,26399,0.0,1.0
1009,37748,1.0,0.0
1010,14224,0.0,1.0
1011,8937,0.0,1.0
1012,26290,0.0,1.0
1013,6332,0.0,1.0
1014,18974,0.0,1.0
1015,35092,0.0,1.0
1016,8788,0.0,1.0
1017,29512,0.0,1.0
1018,33667,0.0,1.0
1019,4984,0.0,1.0
1020,14273,0.0,1.0
1021,13818,0.0,1.0
1022,50536,1.0,0.0
1023,25518,1.0,0.0
1024,24989,0.0,1.0
1025,19764,0.0,1.0
1026,441,1.0,0.0
1027,1786,1.0,0.0
1028,11098,1.0,0.0
1029,5200,1.0,0.0
1030,41730,1.0,0.0
1031,29297,1.0,0.0
1032,23781,1.0,0.0
1033,7541,1.0,0.0
1034,33894,1.0,0.0
1035,37223,0.0,1.0
1036,9625,1.0,0.0
1037,6834,0.0,1.0
1038,5088,0.0,1.0
1039,34626,1.0,0.0
1040,7669,0.0,1.0
1041,47323,1.0,0.0
1042,9434,1.0,0.0
1043,1305,1.0,0.0
1044,26971,1.0,0.0
1045,31176,1.0,0.0
1046,7084,0.0,1.0
1047,22863,0.0,1.0
1048,15927,1.0,0.0
1049,15648,1.0,0.0
1050,13453,0.0,1.0
1051,3779,0.0,1.0
1052,49194,0.0,1.0
1053,19076,1.0,0.0
1054,26779,0.0,1.0
1055,50635,0.0,1.0
1056,5105,0.0,1.0
1057,16873,1.0,0.0
1058,52516,0.0,1.0
1059,10736,1.0,0.0
1060,27831,0.0,1.0
1061,15126,1.0,0.0
1062,7368,1.0,0.0
1063,18916,0.0,1.0
1064,16840,0.0,1.0
1065,27615,0.0,1.0
1066,5656,0.0,1.0
1067,5491,1.0,0.0
1068,6242,1.0,0.0
1069,30600,0.0,1.0
1070,27249,0.0,1.0
1071,11115,0.0,1.0
1072,11751,1.0,0.0
1073,19614,1.0,0.0
1074,14224,0.0,1.0
1075,37699,1.0,0.0
1076,41755,1.0,0.0
1077,3296,0.0,1.0
1078,45293,0.0,1.0
1079,6003,0.0,1.0
1080,11625,1.0,0.0
1081,31932,1.0,0.0
1082,24773,0.0,1.0
1083,50609,1.0,0.0
1084,35897,1.0,0.0
1085,46010,1.0,0.0
1086,30307,1.0,0.0
1087,25581,1.0,0.0
1088,21505,0.0,1.0
1089,47034,0.0,1.0
1090,30643,1.0,0.0
1091,30146,0.0,1.0
1092,42251,1.0,0.0
1093,33121,0.0,1.0
1094,33414,0.0,1.0
1095,42581,0.0,1.0
1096,8197,0.0,1.0
1097,32303,0.0,1.0
1098,38545,0.0,1.0
1099,5798,1.0,0.0
1100,5474,1.0,0.0
1101,39911,0.0,1.0
1102,36823,0.0,1.0
1103,5307,0.0,1.0
1104,28437,0.0,1.0
1105,26308,1.0,0.0
1106,42902,0.0,1.0
1107,31555,0.0,1.0
1108,4307,1.0,0.0
1109,4494,1.0,0.0
1110,7133,0.0,1.0
1111,1077,0.0,1.0
1112,9011,0.0,1.0
1113,44151,1.0,0.0
1114,33167,0.0,1.0
1115,34670,1.0,0.0
1116,23908,0.0,1.0
1117,38698,1.0,0.0
1118,42990,1.0,0.0
1119,45467,0.0,1.0
1120,34911,0.0,1.0
1121,14682,1.0,0.0
1122,29225,0.0,1.0
1123,14666,1.0,0.0
1124,14800,1.0,0.0
1125,17029,0.0,1.0
1126,25050,1.0,0.0
1127,28471,0.0,1.0
1128,9788,0.0,1.0
1129,12791,0.0,1.0
1130,9115,0.0,1.0
1131,26779,0.0,1.0
1132,12115,1.0,0.0
1133,40012,1.0,0.0
1134,19080,1.0,0.0
1135,16092,0.0,1.0
1136,24771,0.0,1.0
1137,5298,1.0,0.0
1138,17795,0.0,1.0
1139,18341,0.0,1.0
1140,11493,1.0,0.0
1141,37787,1.0,0.0
1142,773,1.0,0.0
1143,24798,0.0,1.0
1144,40802,1.0,0.0
1145,29512,0.0,1.0
1146,17024,0.0,1.0
1147,16979,0.0,1.0
1148,29765,1.0,0.0
1149,2837,0.0,1.0
1150,10902,0.0,1.0
1151,27876,0.0,1.0
1152,30527,0.0,1.0
1153,16437,1.0,0.0
1154,30336,1.0,0.0
1155,23391,1.0,0.0
1156,31929,0.0,1.0
1157,7023,0.0,1.0
1158,16880,1.0,0.0
1159,45480,1.0,0.0
1160,30322,1.0,0.0
1161,36660,1.0,0.0
1162,27470,0.0,1.0
1163,30626,0.0,1.0
1164,39409,0.0,1.0
1165,19160,1.0,0.0
1166,34044,0.0,1.0
1167,14013,0.0,1.0
1168,10129,0.0,1.0
1169,28471,0.0,1.0
1170,33735,0.0,1.0
1171,28583,1.0,0.0
1172,11763,0.0,1.0
1173,15170,0.0,1.0
1174,22735,0.0,1.0
1175,22420,1.0,0.0
1176,28788,0.0,1.0
1177,41750,0.0,1.0
1178,16029,1.0,0.0
1179,14570,1.0,0.0
1180,23884,1.0,0.0
1181,5560,1.0,0.0
1182,19903,1.0,0.0
1183,18917,1.0,0.0
1184,51550,0.0,1.0
1185,41972,1.0,0.0
1186,41356,0.0,1.0
1187,33571,1.0,0.0
1188,15028,1.0,0.0
1189,16459,0.0,1.0
1190,32192,1.0,0.0
1191,44442,1.0,0.0
1192,7475,1.0,0.0
1193,11733,0.0,1.0
1194,31872,1.0,0.0
1195,2148,1.0,0.0
1196,38702,0.0,1.0
1197,30551,1.0,0.0
1198,25756,1.0,0.0
1199,14395,0.0,1.0
1200,10269,1.0,0.0
1201,37796,0.0,1.0
1202,26849,0.0,1.0
1203,35092,0.0,1.0
1204,20326,1.0,0.0
1205,40525,1.0,0.0
1206,30671,1.0,0.0
1207,49986,1.0,0.0
1208,11379,1.0,0.0
1209,28437,0.0,1.0
1210,11569,1.0,0.0
1211,39686,0.0,1.0
1212,25158,0.0,1.0
1213,24316,0.0,1.0
1214,24635,0.0,1.0
1215,29051,1.0,0.0
1216,13511,0.0,1.0
1217,23390,1.0,0.0
1218,26502,1.0,0.0
1219,49385,0.0,1.0
1220,24552,1.0,0.0
1221,10823,1.0,0.0
1222,42379,1.0,0.0
1223,19286,0.0,1.0
1224,16418,1.0,0.0
1225,35679,0.0,1.0
1226,19391,0.0,1.0
1227,26017,0.0,1.0
1228,7878,0.0,1.0
1229,40826,0.0,1.0
1230,25777,0.0,1.0
1231,20301,0.0,1.0
1232,10698,1.0,0.0
1233,728,0.0,1.0
1234,51121,0.0,1.0
1235,5319,0.0,1.0
1236,41687,1.0,0.0
1237,4714,1.0,0.0
1238,5331,1.0,0.0
1239,8613,1.0,0.0
1240,42955,0.0,1.0
1241,31220,1.0,0.0
1242,9398,0.0,1.0
1243,14174,0.0,1.0
1244,12824,0.0,1.0
1245,7629,0.0,1.0
1246,5532,0.0,1.0
1247,34211,1.0,0.0
1248,4300,0.0,1.0
1249,32303,0.0,1.0
1250,5852,1.0,0.0
1251,7479,1.0,0.0
1252,5106,1.0,0.0
1253,45813,0.0,1.0
1254,8415,0.0,1.0
1255,44300,0.0,1.0
1256,27249,0.0,1.0
1257,4384,1.0,0.0
1258,13150,1.0,0.0
1259,12607,0.0,1.0
1260,19283,0.0,1.0
1261,32987,1.0,0.0
1262,28930,0.0,1.0
1263,43561,1.0,0.0
1264,2524,1.0,0.0
1265,22012,0.0,1.0
1266,12824,0.0,1.0
1267,13519,1.0,0.0
1268,27857,1.0,0.0
1269,27249,0.0,1.0
1270,30172,0.0,1.0
1271,45946,1.0,0.0
1272,27765,1.0,0.0
1273,8850,0.0,1.0
1274,39261,1.0,0.0
1275,33201,1.0,0.0
1276,4168,1.0,0.0
1277,37670,1.0,0.0
1278,52962,1.0,0.0
1279,22318,1.0,0.0
1280,1582,1.0,0.0
1281,29291,0.0,1.0
1282,49174,1.0,0.0
1283,41316,1.0,0.0
1284,18343,1.0,0.0
1285,28720,0.0,1.0
1286,24635,0.0,1.0
1287,24006,1.0,0.0
1288,50437,0.0,1.0
1289,16192,0.0,1.0
1290,24773,0.0,1.0
1291,9909,0.0,1.0
1292,5189,1.0,0.0
1293,23861,1.0,0.0
1294,34990,0.0,1.0
1295,42955,0.0,1.0
1296,16303,0.0,1.0
1297,13330,1.0,0.0
1298,3504,0.0,1.0
1299,50716,1.0,0.0
1300,10947,0.0,1.0
1301,37333,1.0,0.0
1302,22126,1.0,0.0
1303,30066,0.0,1.0
1304,15374,1.0,0.0
1305,11626,1.0,0.0
1306,41043,0.0,1.0
1307,17713,0.0,1.0
1308,22509,0.0,1.0
1309,12593,1.0,0.0
1310,3110,0.0,1.0
1311,23992,0.0,1.0
1312,15875,0.0,1.0
1313,7580,0.0,1.0
1314,33122,0.0,1.0
1315,26352,1.0,0.0
1316,32724,0.0,1.0
1317,51894,0.0,1.0
1318,13415,0.0,1.0
1319,10156,0.0,1.0
1320,2537,1.0,0.0
1321,37397,1.0,0.0
1322,7696,1.0,0.0
1323,16767,0.0,1.0
1324,23629,0.0,1.0
1325,25273,0.0,1.0
1326,11238,0.0,1.0
1327,25115,0.0,1.0
1328,18395,0.0,1.0
1329,26132,0.0,1.0
1330,24993,0.0,1.0
1331,11792,1.0,0.0
1332,38901,0.0,1.0
1333,5060,0.0,1.0
1334,15758,0.0,1.0
1335,44727,0.0,1.0
1336,10902,0.0,1.0
1337,32330,1.0,0.0
1338,17941,1.0,0.0
1339,29094,0.0,1.0
1340,9020,0.0,1.0
1341,10810,1.0,0.0
1342,15733,1.0,0.0
1343,13796,0.0,1.0
1344,19313,1.0,0.0
1345,38914,0.0,1.0
1346,19412,1.0,0.0
1347,32413,0.0,1.0
1348,5710,0.0,1.0
1349,32331,1.0,0.0
1350,27797,0.0,1.0
1351,25411,1.0,0.0
1352,4300,0.0,1.0
1353,9020,0.0,1.0
1354,1126,1.0,0.0
1355,31781,0.0,1.0
1356,2682,1.0,0.0
1357,51268,0.0,1.0
1358,7780,0.0,1.0
1359,24321,1.0,0.0
1360,6396,1.0,0.0
1361,29772,0.0,1.0
1362,15499,1.0,0.0
1363,12607,0.0,1.0
1364,1255,1.0,0.0
1365,12193,0.0,1.0
1366,22780,1.0,0.0
1367,3028,1.0,0.0
1368,47017,1.0,0.0
1369,27299,0.0,1.0
1370,16361,1.0,0.0
1371,14455,0.0,1.0
1372,52171,0.0,1.0
1373,5342,0.0,1.0
1374,38922,0.0,1.0
1375,15407,1.0,0.0
1376,51389,1.0,0.0
1377,8432,0.0,1.0
1378,23946,0.0,1.0
1379,31166,0.0,1.0
1380,53230,0.0,1.0
1381,934,1.0,0.0
1382,15859,0.0,1.0
1383,23841,0.0,1.0
1384,50711,1.0,0.0
1385,39089,1.0,0.0
1386,40474,1.0,0.0
1387,24014,1.0,0.0
1388,50427,1.0,0.0
1389,17442,1.0,0.0
1390,23216,1.0,0.0
1391,32835,0.0,1.0
1392,37037,0.0,1.0
1393,18969,0.0,1.0
1394,40055,1.0,0.0
1395,32680,0.0,1.0
1396,39512,1.0,0.0
1397,30934,0.0,1.0
1398,6045,0.0,1.0
1399,15632,0.0,1.0
1400,23412,1.0,0.0
1401,6038,0.0,1.0
1402,9745,0.0,1.0
1403,49047,0.0,1.0
1404,1930,0.0,1.0
1405,31635,0.0,1.0
1406,25657,1.0,0.0
1407,48159,0.0,1.0
1408,21850,1.0,0.0
1409,26201,0.0,1.0
1410,37894,0.0,1.0
1411,37640,1.0,0.0
1412,14736,0.0,1.0
1413,38684,1.0,0.0
1414,28729,0.0,1.0
1415,30067,0.0,1.0
1416,24653,1.0,0.0
1417,7355,1.0,0.0
1418,9643,0.0,1.0
1419,9292,1.0,0.0
1420,25406,1.0,0.0
1421,1776,1.0,0.0
1422,2621,1.0,0.0
1423,5088,0.0,1.0
1424,16092,0.0,1.0
1425,1462,1.0,0.0
1426,39188,1.0,0.0
1427,9687,1.0,0.0
1428,26848,0.0,1.0
1429,9792,1.0,0.0
1430,11392,1.0,0.0
1431,14333,1.0,0.0
1432,13592,0.0,1.0
1433,3008,1.0,0.0
1434,46655,1.0,0.0
1435,52438,1.0,0.0
1436,40119,1.0,0.0
1437,49633,1.0,0.0
1438,48237,0.0,1.0
1439,22609,1.0,0.0
1440,25517,0.0,1.0
1441,3709,0.0,1.0
1442,48157,1.0,0.0
1443,49362,1.0,0.0
1444,18509,0.0,1.0
1445,5562,1.0,0.0
1446,19158,1.0,0.0
1447,10258,0.0,1.0
1448,36667,0.0,1.0
1449,22847,1.0,0.0
1450,52218,0.0,1.0
1451,10115,0.0,1.0
1452,40521,1.0,0.0
1453,23537,0.0,1.0
1454,49194,0.0,1.0
1455,39017,1.0,0.0
1456,41662,0.0,1.0
1457,2203,0.0,1.0
1458,25594,1.0,0.0
1459,32566,0.0,1.0
1460,31960,1.0,0.0
1461,15249,0.0,1.0
1462,3997,0.0,1.0
1463,25791,0.0,1.0
1464,3780,0.0,1.0
1465,1385,0.0,1.0
1466,21783,1.0,0.0
1467,27267,1.0,0.0
1468,23053,1.0,0.0
1469,12471,1.0,0.0
1470,29976,0.0,1.0
1471,37809,0.0,1.0
1472,25639,1.0,0.0
1473,18038,0.0,1.0
1474,34589,1.0,0.0
1475,3022,0.0,1.0
1476,5576,1.0,0.0
1477,9746,0.0,1.0
1478,1803,1.0,0.0
1479,13951,1.0,0.0
1480,7622,0.0,1.0
1481,14967,1.0,0.0
1482,32887,0.0,1.0
1483,35788,0.0,1.0
1484,2947,0.0,1.0
1485,3083,1.0,0.0
1486,26165,0.0,1.0
1487,15841,1.0,0.0
1488,22444,1.0,0.0
1489,47316,1.0,0.0
1490,12824,0.0,1.0
1491,19917,0.0,1.0
1492,922,0.0,1.0
1493,9066,1.0,0.0
1494,36414,0.0,1.0
1495,30645,1.0,0.0
1496,18261,1.0,0.0
1497,3741,1.0,0.0
1498,18841,1.0,0.0
1499,17441,0.0,1.0
1500,19961,0.0,1.0
1501,15271,0.0,1.0
1502,6366,0.0,1.0
1503,5489,1.0,0.0
1504,23515,1.0,0.0
1505,31748,0.0,1.0
1506,18000,0.0,1.0
1507,33992,1.0,0.0
1508,9299,1.0,0.0
1509,1673,1.0,0.0
1510,23404,0.0,1.0
1511,10739,0.0,1.0
1512,35408,1.0,0.0
1513,25646,0.0,1.0
1514,7118,0.0,1.0
1515,4666,0.0,1.0
1516,23940,1.0,0.0
1517,7298,1.0,0.0
1518,32625,0.0,1.0
1519,11498,1.0,0.0
1520,2987,1.0,0.0
1521,30709,0.0,1.0
1522,8367,0.0,1.0
1523,5493,0.0,1.0
1524,31160,1.0,0.0
1525,51339,0.0,1.0
1526,25845,0.0,1.0
1527,14527,1.0,0.0
1528,51111,1.0,0.0
1529,24175,1.0,0.0
1530,8438,0.0,1.0
1531,11789,0.0,1.0
1532,36025,0.0,1.0
1533,21956,0.0,1.0
1534,29591,0.0,1.0
1535,2292,1.0,0.0
1536,50975,0.0,1.0
1537,1719,0.0,1.0
1538,35717,0.0,1.0
1539,46861,1.0,0.0
1540,7146,0.0,1.0
1541,13734,1.0,0.0
1542,9427,1.0,0.0
1543,33831,0.0,1.0
1544,30937,1.0,0.0
1545,18693,0.0,1.0
1546,31241,0.0,1.0
1547,3574,1.0,0.0
1548,12029,1.0,0.0
1549,9201,1.0,0.0
1550,33423,0.0,1.0
1551,30822,1.0,0.0
1552,32013,0.0,1.0
1553,1111,0.0,1.0
1554,45293,0.0,1.0
1555,17463,0.0,1.0
1556,15945,0.0,1.0
1557,25393,1.0,0.0
1558,29351,1.0,0.0
1559,2441,0.0,1.0
1560,12642,0.0,1.0
1561,35686,0.0,1.0
1562,36339,1.0,0.0
1563,8607,0.0,1.0
1564,4548,1.0,0.0
1565,23268,0.0,1.0
1566,34319,1.0,0.0
1567,9507,1.0,0.0
1568,36025,0.0,1.0
1569,34415,0.0,1.0
1570,40923,1.0,0.0
1571,8945,1.0,0.0
1572,28165,0.0,1.0
1573,30494,1.0,0.0
1574,22455,1.0,0.0
1575,45355,0.0,1.0
1576,51105,1.0,0.0
1577,47904,0.0,1.0
1578,14652,0.0,1.0
1579,31166,0.0,1.0
1580,8788,0.0,1.0
1581,37037,0.0,1.0
1582,9854,1.0,0.0
1583,17516,1.0,0.0
1584,49124,1.0,0.0
1585,37423,0.0,1.0
1586,13733,1.0,0.0
1587,21668,0.0,1.0
1588,32700,1.0,0.0
1589,21692,1.0,0.0
1590,14886,0.0,1.0
1591,13679,1.0,0.0
1592,6667,1.0,0.0
1593,4120,0.0,1.0
1594,9393,0.0,1.0
1595,51734,0.0,1.0
1596,41918,1.0,0.0
1597,32447,0.0,1.0
1598,16692,1.0,0.0
1599,37190,1.0,0.0
1600,33751,1.0,0.0
1601,38092,1.0,0.0
1602,49577,1.0,0.0
1603,9246,1.0,0.0
1604,5435,1.0,0.0
1605,1320,1.0,0.0
1606,9172,1.0,0.0
1607,856,1.0,0.0
1608,18200,0.0,1.0
1609,41143,1.0,0.0
1610,37312,0.0,1.0
1611,23268,0.0,1.0
1612,44834,0.0,1.0
1613,15164,0.0,1.0
1614,3392,1.0,0.0
1615,27576,0.0,1.0
1616,13261,1.0,0.0
1617,35387,0.0,1.0
1618,26922,0.0,1.0
1619,18571,0.0,1.0
1620,24192,0.0,1.0
1621,4978,0.0,1.0
1622,6332,0.0,1.0
1623,5241,0.0,1.0
1624,45954,0.0,1.0
1625,13673,0.0,1.0
1626,9055,0.0,1.0
1627,16143,0.0,1.0
1628,30317,0.0,1.0
1629,44027,1.0,0.0
1630,22559,1.0,0.0
1631,4527,1.0,0.0
1632,2915,1.0,0.0
1633,23865,1.0,0.0
1634,10506,1.0,0.0
1635,25493,1.0,0.0
1636,33910,0.0,1.0
1637,23268,0.0,1.0
1638,19208,1.0,0.0
1639,783,1.0,0.0
1640,47034,0.0,1.0
1641,7146,0.0,1.0
1642,39826,0.0,1.0
1643,28008,1.0,0.0
1644,16255,0.0,1.0
1645,36317,0.0,1.0
1646,28818,1.0,0.0
1647,4300,0.0,1.0
1648,40607,0.0,1.0
1649,49120,1.0,0.0
1650,36414,0.0,1.0
1651,35195,1.0,0.0
1652,32008,0.0,1.0
1653,6622,1.0,0.0
1654,19854,1.0,0.0
1655,18403,1.0,0.0
1656,26779,0.0,1.0
1657,22466,1.0,0.0
1658,25557,0.0,1.0
1659,47883,1.0,0.0
1660,9746,0.0,1.0
1661,18038,0.0,1.0
1662,18079,0.0,1.0
1663,4484,0.0,1.0
1664,27475,0.0,1.0
1665,21502,0.0,1.0
1666,27808,0.0,1.0
1667,31076,0.0,1.0
1668,24018,0.0,1.0
1669,17559,0.0,1.0
1670,31076,0.0,1.0
1671,3568,0.0,1.0
1672,10355,0.0,1.0
1673,16476,1.0,0.0
1674,8278,1.0,0.0
1675,5394,0.0,1.0
1676,29782,0.0,1.0
1677,29243,1.0,0.0
1678,25122,1.0,0.0
1679,14371,1.0,0.0
1680,33923,0.0,1.0
1681,52054,0.0,1.0
1682,46874,0.0,1.0
1683,23736,0.0,1.0
1684,30934,0.0,1.0
1685,8165,0.0,1.0
1686,30267,0.0,1.0
1687,50546,1.0,0.0
1688,2861,0.0,1.0
1689,19780,1.0,0.0
1690,24890,0.0,1.0
1691,15427,0.0,1.0
1692,38221,1.0,0.0
1693,22348,0.0,1.0
1694,27197,1.0,0.0
1695,14762,0.0,1.0
1696,8284,1.0,0.0
1697,42148,1.0,0.0
1698,13089,1.0,0.0
1699,47203,1.0,0.0
1700,4739,1.0,0.0
1701,7878,0.0,1.0
1702,50967,1.0,0.0
1703,36086,0.0,1.0
1704,41701,1.0,0.0
1705,3535,1.0,0.0
1706,43643,0.0,1.0
1707,2122,0.0,1.0
1708,14017,0.0,1.0
1709,19006,0.0,1.0
1710,25064,1.0,0.0
1711,4729,0.0,1.0
1712,5480,0.0,1.0
1713,21808,0.0,1.0
1714,18222,0.0,1.0
1715,3858,1.0,0.0
1716,4278,0.0,1.0
1717,23269,1.0,0.0
1718,15603,1.0,0.0
1719,41751,1.0,0.0
1720,8343,1.0,0.0
1721,22037,0.0,1.0
1722,34697,0.0,1.0
1723,5583,1.0,0.0
1724,30259,0.0,1.0
1725,16524,1.0,0.0
1726,25101,1.0,0.0
1727,14947,1.0,0.0
1728,36505,0.0,1.0
1729,23001,0.0,1.0
1730,18353,1.0,0.0
1731,51550,0.0,1.0
1732,51512,1.0,0.0
1733,23436,1.0,0.0
1734,7549,1.0,0.0
1735,41688,0.0,1.0
1736,30060,1.0,0.0
1737,30267,0.0,1.0
1738,12871,0.0,1.0
1739,4199,1.0,0.0
1740,47340,1.0,0.0
1741,49478,0.0,1.0
1742,36006,0.0,1.0
1743,15066,1.0,0.0
1744,49860,0.0,1.0
1745,14680,1.0,0.0
1746,3712,0.0,1.0
1747,30259,0.0,1.0
1748,4984,0.0,1.0
1749,11130,1.0,0.0
1750,10977,0.0,1.0
1751,33890,1.0,0.0
1752,36256,0.0,1.0
1753,33414,0.0,1.0
1754,29776,0.0,1.0
1755,3581,1.0,0.0
1756,1301,1.0,0.0
1757,22221,0.0,1.0
1758,35480,1.0,0.0
1759,2203,0.0,1.0
1760,1493,1.0,0.0
1761,18120,1.0,0.0
1762,29776,0.0,1.0
1763,33427,0.0,1.0
1764,41971,1.0,0.0
1765,45101,1.0,0.0
1766,35092,0.0,1.0
1767,26712,1.0,0.0
1768,19540,0.0,1.0
1769,13809,1.0,0.0
1770,23629,0.0,1.0
1771,8618,1.0,0.0
1772,9096,0.0,1.0
1773,15438,1.0,0.0
1774,27091,0.0,1.0
1775,34627,1.0,0.0
1776,19662,1.0,0.0
1777,25180,0.0,1.0
1778,51810,0.0,1.0
1779,15730,1.0,0.0
1780,8806,1.0,0.0
1781,17912,1.0,0.0
1782,10099,1.0,0.0
1783,3657,0.0,1.0
1784,27992,1.0,0.0
1785,33474,0.0,1.0
1786,5427,1.0,0.0
1787,39520,1.0,0.0
1788,31390,0.0,1.0
1789,26081,1.0,0.0
1790,12217,0.0,1.0
1791,34532,0.0,1.0
1792,15441,0.0,1.0
1793,1204,1.0,0.0
1794,41437,1.0,0.0
1795,7188,0.0,1.0
1796,2782,1.0,0.0
1797,3568,0.0,1.0
1798,10943,1.0,0.0
1799,18157,1.0,0.0
1800,2177,1.0,0.0
1801,24249,1.0,0.0
1802,8684,0.0,1.0
1803,16092,0.0,1.0
1804,17713,0.0,1.0
1805,42042,1.0,0.0
1806,29918,0.0,1.0
1807,17028,1.0,0.0
1808,14213,1.0,0.0
1809,37429,1.0,0.0
1810,17807,1.0,0.0
1811,44323,0.0,1.0
1812,5173,1.0,0.0
1813,19317,1.0,0.0
1814,6645,0.0,1.0
1815,15291,1.0,0.0
1816,34840,0.0,1.0
1817,6441,0.0,1.0
1818,24790,1.0,0.0
1819,27805,0.0,1.0
1820,23941,1.0,0.0
1821,2232,1.0,0.0
1822,885,0.0,1.0
1823,13049,1.0,0.0
1824,40607,0.0,1.0
1825,4978,0.0,1.0
1826,32798,1.0,0.0
1827,40387,0.0,1.0
1828,13817,1.0,0.0
1829,9689,0.0,1.0
1830,23784,0.0,1.0
1831,34042,0.0,1.0
1832,42955,0.0,1.0
1833,17970,1.0,0.0
1834,35460,0.0,1.0
1835,5656,0.0,1.0
1836,41428,1.0,0.0
1837,46065,1.0,0.0
1838,17635,0.0,1.0
1839,32048,1.0,0.0
1840,3876,0.0,1.0
1841,41620,0.0,1.0
1842,27374,0.0,1.0
1843,23914,1.0,0.0
1844,9398,0.0,1.0
1845,49542,1.0,0.0
1846,11122,1.0,0.0
1847,4161,1.0,0.0
1848,15772,0.0,1.0
1849,31698,0.0,1.0
1850,32175,1.0,0.0
1851,11590,1.0,0.0
1852,2218,0.0,1.0
1853,3431,1.0,0.0
1854,23106,0.0,1.0
1855,2512,0.0,1.0
1856,5611,1.0,0.0
1857,21658,0.0,1.0
1858,24993,0.0,1.0
1859,20021,1.0,0.0
1860,7139,1.0,0.0
1861,40982,1.0,0.0
1862,15780,1.0,0.0
1863,6912,0.0,1.0
1864,9762,0.0,1.0
1865,16769,0.0,1.0
1866,2262,0.0,1.0
1867,11363,1.0,0.0
1868,17713,0.0,1.0
1869,7039,0.0,1.0
1870,9762,0.0,1.0
1871,22040,1.0,0.0
1872,23794,1.0,0.0
1873,1272,1.0,0.0
1874,50959,1.0,0.0
1875,488,0.0,1.0
1876,21841,0.0,1.0
1877,34044,0.0,1.0
1878,12713,0.0,1.0
1879,3504,0.0,1.0
1880,42057,1.0,0.0
1881,19030,0.0,1.0
1882,16672,0.0,1.0
1883,17441,0.0,1.0
1884,41482,1.0,0.0
1885,27091,0.0,1.0
1886,22970,1.0,0.0
1887,18916,0.0,1.0
1888,11326,1.0,0.0
1889,24283,0.0,1.0
1890,7442,0.0,1.0
1891,5382,1.0,0.0
1892,52054,0.0,1.0
1893,16100,1.0,0.0
1894,1141,0.0,1.0
1895,33550,1.0,0.0
1896,30405,0.0,1.0
1897,11594,1.0,0.0
1898,52868,1.0,0.0
1899,33679,1.0,0.0
1900,30693,0.0,1.0
1901,15859,0.0,1.0
1902,31528,0.0,1.0
1903,52726,1.0,0.0
1904,19932,0.0,1.0
1905,24894,0.0,1.0
1906,3080,1.0,0.0
1907,3778,0.0,1.0
1908,19207,1.0,0.0
1909,10673,1.0,0.0
1910,12288,1.0,0.0
1911,41329,0.0,1.0
1912,3174,1.0,0.0
1913,14252,1.0,0.0
1914,20174,0.0,1.0
1915,1242,0.0,1.0
1916,14455,0.0,1.0
1917,5480,0.0,1.0
1918,6844,1.0,0.0
1919,23430,1.0,0.0
1920,52005,0.0,1.0
1921,25158,0.0,1.0
1922,14113,1.0,0.0
1923,29746,0.0,1.0
1924,6104,1.0,0.0
1925,37340,1.0,0.0
1926,9894,0.0,1.0
1927,52516,0.0,1.0
1928,16032,1.0,0.0
1929,1110,1.0,0.0
1930,31005,0.0,1.0
1931,29198,0.0,1.0
1932,32146,1.0,0.0
1933,19123,1.0,0.0
1934,8356,1.0,0.0
1935,32413,0.0,1.0
1936,8665,0.0,1.0
1937,35405,0.0,1.0
1938,12269,1.0,0.0
1939,18783,0.0,1.0
1940,6956,1.0,0.0
1941,18580,1.0,0.0
1942,24019,0.0,1.0
1943,6316,0.0,1.0
1944,14013,0.0,1.0
1945,36833,0.0,1.0
1946,14204,0.0,1.0
1947,14397,0.0,1.0
1948,22359,1.0,0.0
1949,1541,1.0,0.0
1950,9176,1.0,0.0
1951,25596,0.0,1.0
1952,49478,0.0,1.0
1953,52488,1.0,0.0
1954,33790,1.0,0.0
1955,13442,0.0,1.0
1956,3708,1.0,0.0
1957,44827,1.0,0.0
1958,36505,0.0,1.0
1959,11632,0.0,1.0
1960,8507,1.0,0.0
1961,14395,0.0,1.0
1962,19257,1.0,0.0
1963,35093,0.0,1.0
1964,16700,1.0,0.0
1965,6912,0.0,1.0
1966,13407,0.0,1.0
1967,27249,0.0,1.0
1968,1077,0.0,1.0
1969,52980,0.0,1.0
1970,1770,1.0,0.0
1971,3517,0.0,1.0
1972,32684,0.0,1.0
1973,45727,1.0,0.0
1974,36075,1.0,0.0
1975,12167,0.0,1.0
1976,3945,1.0,0.0
1977,3810,0.0,1.0
1978,1695,0.0,1.0
1979,35516,0.0,1.0
1980,37177,0.0,1.0
1981,20134,1.0,0.0
1982,10732,0.0,1.0
1983,5017,0.0,1.0
1984,47034,0.0,1.0
1985,34964,1.0,0.0
1986,25487,0.0,1.0
1987,4003,0.0,1.0
1988,10984,0.0,1.0
1989,22388,0.0,1.0
1990,24019,0.0,1.0
1991,4458,1.0,0.0
1992,51879,1.0,0.0
1993,8262,0.0,1.0
1994,36025,0.0,1.0
1995,18030,1.0,0.0
1996,23088,1.0,0.0
1997,22224,1.0,0.0
1998,34691,1.0,0.0
1999,1695,0.0,1.0
2000,15256,0.0,1.0
2001,36757,1.0,0.0
2002,31119,0.0,1.0
2003,51268,0.0,1.0
2004,47904,0.0,1.0
2005,3815,0.0,1.0
2006,49573,0.0,1.0
2007,34655,0.0,1.0
2008,15040,0.0,1.0
2009,1762,0.0,1.0
2010,14060,0.0,1.0
2011,34295,0.0,1.0
2012,6038,0.0,1.0
2013,1469,1.0,0.0
2014,26848,0.0,1.0
2015,22683,0.0,1.0
2016,772,1.0,0.0
2017,35288,0.0,1.0
2018,37037,0.0,1.0
2019,30263,0.0,1.0
2020,21753,0.0,1.0
2021,27692,1.0,0.0
2022,35386,0.0,1.0
2023,24658,1.0,0.0
2024,27249,0.0,1.0
2025,18713,1.0,0.0
2026,52515,1.0,0.0
2027,24614,1.0,0.0
2028,37048,1.0,0.0
2029,34951,1.0,0.0
2030,9185,0.0,1.0
2031,17426,1.0,0.0
2032,53198,0.0,1.0
2033,14712,1.0,0.0
2034,5458,1.0,0.0
2035,12846,0.0,1.0
2036,23697,0.0,1.0
2037,13063,0.0,1.0
2038,13081,1.0,0.0
2039,27839,1.0,0.0
2040,9496,0.0,1.0
2041,17713,0.0,1.0
2042,9746,0.0,1.0
2043,52396,1.0,0.0
2044,19239,0.0,1.0
2045,45220,1.0,0.0
2046,31840,1.0,0.0
2047,49648,1.0,0.0
2048,11720,0.0,1.0
2049,16629,0.0,1.0
2050,37894,0.0,1.0
2051,31490,1.0,0.0
2052,45348,1.0,0.0
2053,36667,0.0,1.0
2054,4281,0.0,1.0
2055,26859,0.0,1.0
2056,4301,0.0,1.0
2057,53233,1.0,0.0
2058,11733,0.0,1.0
2059,4020,1.0,0.0
2060,32950,1.0,0.0
2061,12552,1.0,0.0
2062,2309,0.0,1.0
2063,40456,0.0,1.0
2064,29761,0.0,1.0
2065,1025,1.0,0.0
2066,25039,0.0,1.0
2067,4617,0.0,1.0
2068,43138,1.0,0.0
2069,40817,1.0,0.0
2070,37790,1.0,0.0
2071,4282,1.0,0.0
2072,10315,1.0,0.0
2073,3190,0.0,1.0
2074,23290,1.0,0.0
2075,12237,1.0,0.0
2076,3022,0.0,1.0
2077,22592,0.0,1.0
2078,28780,1.0,0.0
2079,732,0.0,1.0
2080,51725,1.0,0.0
2081,52275,1.0,0.0
2082,23369,0.0,1.0
2083,9529,1.0,0.0
2084,49976,0.0,1.0
2085,11102,1.0,0.0
2086,34990,0.0,1.0
2087,11252,1.0,0.0
2088,37000,1.0,0.0
2089,39360,1.0,0.0
2090,24093,1.0,0.0
2091,17087,1.0,0.0
2092,24947,0.0,1.0
2093,9020,0.0,1.0
2094,51810,0.0,1.0
2095,34410,1.0,0.0
2096,7878,0.0,1.0
2097,23267,0.0,1.0
2098,4185,0.0,1.0
2099,16641,1.0,0.0
2100,8443,0.25,0.75
2101,46118,0.0,1.0
2102,15462,0.0,1.0
2103,5288,0.0,1.0
2104,31005,0.0,1.0
2105,47004,0.0,1.0
2106,8139,1.0,0.0
2107,35717,0.0,1.0
2108,27996,0.0,1.0
2109,18578,0.0,1.0
2110,23402,0.0,1.0
2111,21668,0.0,1.0
2112,5640,0.0,1.0
2113,1646,1.0,0.0
2114,23432,1.0,0.0
2115,9309,1.0,0.0
2116,27537,1.0,0.0
2117,3780,0.0,1.0
2118,31159,0.0,1.0
2119,3978,0.0,1.0
2120,23697,0.0,1.0
2121,18821,1.0,0.0
2122,25516,1.0,0.0
2123,8428,1.0,0.0
2124,38414,0.0,1.0
2125,49026,0.0,1.0
2126,24266,1.0,0.0
2127,11523,1.0,0.0
2128,11103,0.0,1.0
2129,39409,0.0,1.0
2130,10683,1.0,0.0
2131,42736,1.0,0.0
2132,17269,0.0,1.0
2133,5241,0.0,1.0
2134,14395,0.0,1.0
2135,15160,0.0,1.0
2136,20000,1.0,0.0
2137,45594,1.0,0.0
2138,46815,1.0,0.0
2139,18866,1.0,0.0
2140,9440,0.0,1.0
2141,22670,1.0,0.0
2142,20348,0.0,1.0
2143,35348,1.0,0.0
2144,49860,0.0,1.0
2145,16365,1.0,0.0
2146,1749,0.0,1.0
2147,6437,0.0,1.0
2148,19082,1.0,0.0
2149,32184,0.0,1.0
2150,4206,0.0,1.0
2151,23001,0.0,1.0
2152,2401,1.0,0.0
2153,2124,0.0,1.0
2154,37375,1.0,0.0
2155,11056,1.0,0.0
2156,5319,0.0,1.0
2157,1762,0.0,1.0
2158,45843,1.0,0.0
2159,45984,0.0,1.0
2160,4325,1.0,0.0
2161,28454,1.0,0.0
2162,13819,0.0,1.0
2163,10670,0.0,1.0
2164,13486,0.0,1.0
2165,4666,0.0,1.0
2166,23736,0.0,1.0
2167,38676,1.0,0.0
2168,23820,0.0,1.0
2169,32647,0.0,1.0
2170,1525,1.0,0.0
2171,4617,0.0,1.0
2172,3900,1.0,0.0
2173,16881,1.0,0.0
2174,24238,0.0,1.0
2175,2310,1.0,0.0
2176,31782,0.0,1.0
2177,46131,1.0,0.0
2178,27335,0.0,1.0
2179,3017,0.0,1.0
2180,6503,0.0,1.0
2181,11281,1.0,0.0
2182,17029,0.0,1.0
2183,52144,1.0,0.0
2184,19599,1.0,0.0
2185,15160,0.0,1.0
2186,35512,1.0,0.0
2187,5046,0.0,1.0
2188,2535,1.0,0.0
2189,15623,0.0,1.0
2190,24947,0.0,1.0
2191,41901,1.0,0.0
2192,5597,1.0,0.0
2193,3504,0.0,1.0
2194,19654,1.0,0.0
2195,16154,1.0,0.0
2196,15413,1.0,0.0
2197,41700,1.0,0.0
2198,15026,1.0,0.0
2199,17039,0.0,1.0
2200,32008,0.0,1.0
2201,32448,0.0,1.0
2202,11919,0.0,1.0
2203,43935,1.0,0.0
2204,32312,0.0,1.0
2205,33538,0.0,1.0
2206,48728,0.0,1.0
2207,2254,1.0,0.0
2208,16775,0.0,1.0
2209,29746,0.0,1.0
2210,33121,0.0,1.0
2211,2627,0.0,1.0
2212,26251,0.0,1.0
2213,45467,0.0,1.0
2214,4310,0.0,1.0
2215,21502,0.0,1.0
2216,11696,1.0,0.0
2217,25722,0.0,1.0
2218,9115,0.0,1.0
2219,31741,0.0,1.0
2220,2395,1.0,0.0
2221,15040,0.0,1.0
2222,13486,0.0,1.0
2223,36188,1.0,0.0
2224,7807,0.0,1.0
2225,17038,1.0,0.0
2226,47839,0.0,1.0
2227,14602,0.0,1.0
2228,9346,1.0,0.0
2229,8913,1.0,0.0
2230,16030,0.0,1.0
2231,35685,1.0,0.0
2232,5288,0.0,1.0
2233,26630,0.0,1.0
2234,1506,1.0,0.0
2235,19986,1.0,0.0
2236,17726,1.0,0.0
2237,20027,1.0,0.0
2238,6372,1.0,0.0
2239,3514,1.0,0.0
2240,4452,1.0,0.0
2241,52351,0.0,1.0
2242,27208,0.0,1.0
2243,18003,0.0,1.0
2244,34186,1.0,0.0
2245,16255,0.0,1.0
2246,16167,0.0,1.0
2247,31510,1.0,0.0
2248,31587,1.0,0.0
2249,43464,0.0,1.0
2250,37608,1.0,0.0
2251,24405,0.0,1.0
2252,20339,1.0,0.0
2253,21722,0.0,1.0
2254,12893,1.0,0.0
2255,22496,1.0,0.0
2256,1689,1.0,0.0
2257,32683,1.0,0.0
2258,24055,1.0,0.0
2259,23124,0.0,1.0
2260,6674,0.0,1.0
2261,33907,0.0,1.0
2262,26362,0.0,1.0
2263,7446,1.0,0.0
2264,23600,1.0,0.0
2265,11893,0.0,1.0
2266,7537,1.0,0.0
2267,6224,1.0,0.0
2268,9860,1.0,0.0
2269,7620,1.0,0.0
2270,5184,0.0,1.0
2271,12217,0.0,1.0
2272,16525,1.0,0.0
2273,4322,0.0,1.0
2274,25304,0.0,1.0
2275,9909,0.0,1.0
2276,30668,1.0,0.0
2277,4241,0.0,1.0
2278,10609,1.0,0.0
2279,34415,0.0,1.0
2280,29218,1.0,0.0
2281,26130,0.0,1.0
2282,10014,1.0,0.0
2283,4484,0.0,1.0
2284,26243,1.0,0.0
2285,23043,0.0,1.0
2286,10168,1.0,0.0
2287,36833,0.0,1.0
2288,24141,0.0,1.0
2289,21575,1.0,0.0
2290,33773,0.0,1.0
2291,52944,1.0,0.0
2292,16459,0.0,1.0
2293,33488,1.0,0.0
2294,34911,0.0,1.0
2295,46945,0.0,1.0
2296,23402,0.0,1.0
2297,45592,1.0,0.0
2298,49682,1.0,0.0
2299,50071,1.0,0.0
2300,3862,0.0,1.0
2301,38052,0.0,1.0
2302,24974,1.0,0.0
2303,39553,1.0,0.0
2304,37809,0.0,1.0
2305,31631,1.0,0.0
2306,17359,1.0,0.0
2307,43639,1.0,0.0
2308,32365,1.0,0.0
2309,7175,0.0,1.0
2310,36892,0.0,1.0
2311,47880,0.0,1.0
2312,22509,0.0,1.0
2313,19350,0.0,1.0
2314,13346,0.0,1.0
2315,37369,1.0,0.0
2316,27355,0.0,1.0
2317,17366,1.0,0.0
2318,22592,0.0,1.0
2319,33618,1.0,0.0
2320,19518,1.0,0.0
2321,10530,1.0,0.0
2322,21498,0.0,1.0
2323,19918,1.0,0.0
2324,16859,1.0,0.0
2325,5222,1.0,0.0
2326,15963,0.0,1.0
2327,44727,0.0,1.0
2328,16293,0.0,1.0
2329,32067,0.0,1.0
2330,25699,0.0,1.0
2331,26744,1.0,0.0
2332,26802,1.0,0.0
2333,6747,1.0,0.0
2334,3560,1.0,0.0
2335,13415,0.0,1.0
2336,18651,0.0,1.0
2337,37338,1.0,0.0
2338,32013,0.0,1.0
2339,36050,1.0,0.0
2340,13932,1.0,0.0
2341,31094,1.0,0.0
2342,10398,0.0,1.0
2343,46945,0.0,1.0
2344,16778,1.0,0.0
2345,13507,0.0,1.0
2346,20238,0.0,1.0
2347,18664,0.0,1.0
2348,3978,0.0,1.0
2349,23003,0.0,1.0
2350,25161,1.0,0.0
2351,34562,0.0,1.0
2352,3048,0.0,1.0
2353,32680,0.0,1.0
2354,5530,1.0,0.0
2355,4299,1.0,0.0
2356,52758,1.0,0.0
2357,12975,1.0,0.0
2358,34688,1.0,0.0
2359,40387,0.0,1.0
2360,41688,0.0,1.0
2361,18190,1.0,0.0
2362,8479,0.0,1.0
2363,28471,0.0,1.0
2364,32399,1.0,0.0
2365,3876,0.0,1.0
2366,29512,0.0,1.0
2367,34014,0.0,1.0
2368,44300,0.0,1.0
2369,11763,0.0,1.0
2370,41581,0.0,1.0
2371,16658,1.0,0.0
2372,29623,1.0,0.0
2373,7813,1.0,0.0
2374,30926,0.0,1.0
2375,41527,0.0,1.0
2376,6164,1.0,0.0
2377,24360,1.0,0.0
2378,11114,0.0,1.0
2379,16447,1.0,0.0
2380,12343,1.0,0.0
2381,14420,1.0,0.0
2382,50928,0.0,1.0
2383,8610,0.0,1.0
2384,8883,1.0,0.0
2385,32729,0.0,1.0
2386,3284,1.0,0.0
2387,37897,0.0,1.0
2388,40387,0.0,1.0
2389,27475,0.0,1.0
2390,4650,1.0,0.0
2391,22844,1.0,0.0
2392,48717,1.0,0.0
2393,18345,1.0,0.0
2394,43141,1.0,0.0
2395,7376,0.0,1.0
2396,8262,0.0,1.0
2397,19567,1.0,0.0
2398,13796,0.0,1.0
2399,31555,0.0,1.0
2400,21614,0.0,1.0
2401,16192,0.0,1.0
2402,4371,1.0,0.0
2403,9440,0.0,1.0
2404,13680,0.0,1.0
2405,8527,0.0,1.0
2406,14078,0.0,1.0
2407,32566,0.0,1.0
2408,24377,0.0,1.0
2409,36081,1.0,0.0
2410,9766,0.0,1.0
2411,13486,0.0,1.0
2412,13813,1.0,0.0
2413,40826,0.0,1.0
2414,17837,0.0,1.0
2415,26299,0.0,1.0
2416,42722,0.0,1.0
2417,49184,0.0,1.0
2418,17837,0.0,1.0
2419,23142,1.0,0.0
2420,1396,1.0,0.0
2421,1632,1.0,0.0
2422,5423,1.0,0.0
2423,41569,0.0,1.0
2424,16767,0.0,1.0
2425,45954,0.0,1.0
2426,7470,0.0,1.0
2427,9724,0.0,1.0
2428,35681,0.0,1.0
2429,51121,0.0,1.0
2430,13775,1.0,0.0
2431,6075,1.0,0.0
2432,27208,0.0,1.0
2433,42109,1.0,0.0
2434,33102,0.0,1.0
2435,38589,0.0,1.0
2436,16840,0.0,1.0
2437,48159,0.0,1.0
2438,40506,1.0,0.0
2439,24151,1.0,0.0
2440,20094,1.0,0.0
2441,2528,1.0,0.0
2442,6501,0.0,1.0
2443,36025,0.0,1.0
2444,16557,1.0,0.0
2445,3284,1.0,0.0
2446,1283,1.0,0.0
2447,18576,0.0,1.0
2448,4359,0.0,1.0
2449,18634,1.0,0.0
2450,26356,0.0,1.0
2451,18040,0.0,1.0
2452,18282,1.0,0.0
2453,19339,1.0,0.0
2454,50922,0.0,1.0
2455,3071,0.0,1.0
2456,8495,0.0,1.0
2457,905,1.0,0.0
2458,25298,0.0,1.0
2459,22305,0.0,1.0
2460,49976,0.0,1.0
2461,33921,1.0,0.0
2462,35751,0.0,1.0
2463,27289,1.0,0.0
2464,11737,0.0,1.0
2465,34681,0.0,1.0
2466,26695,1.0,0.0
2467,3815,0.0,1.0
2468,13503,1.0,0.0
2469,7600,0.0,1.0
2470,11061,1.0,0.0
2471,21841,0.0,1.0
2472,907,0.0,1.0
2473,26111,0.0,1.0
2474,6413,1.0,0.0
2475,25559,1.0,0.0
2476,2229,0.0,1.0
2477,33051,1.0,0.0
2478,34822,1.0,0.0
2479,12900,1.0,0.0
2480,35175,1.0,0.0
2481,45975,0.0,1.0
2482,37599,1.0,0.0
2483,21995,0.0,1.0
2484,15598,0.0,1.0
2485,30824,0.0,1.0
2486,35739,0.0,1.0
2487,12656,1.0,0.0
2488,8787,1.0,0.0
2489,9531,1.0,0.0
2490,4822,1.0,0.0
2491,50880,0.0,1.0
2492,5923,1.0,0.0
2493,40664,0.0,1.0
2494,32290,0.0,1.0
2495,27563,0.0,1.0
2496,49954,1.0,0.0
2497,7878,0.0,1.0
2498,8788,0.0,1.0
2499,6708,1.0,0.0
2500,25099,1.0,0.0
2501,9559,1.0,0.0
2502,2244,0.0,1.0
2503,9415,0.0,1.0
2504,29198,0.0,1.0
2505,36813,1.0,0.0
2506,23847,0.0,1.0
2507,32448,0.0,1.0
2508,27880,0.0,1.0
2509,26727,0.0,1.0
2510,1268,0.0,1.0
2511,16856,1.0,0.0
2512,26376,0.0,1.0
2513,27583,1.0,0.0
2514,5060,0.0,1.0
2515,29976,0.0,1.0
2516,8377,0.0,1.0
2517,32413,0.0,1.0
2518,13633,1.0,0.0
2519,50472,0.0,1.0
2520,52808,0.0,1.0
2521,15405,1.0,0.0
2522,18398,0.0,1.0
2523,21658,0.0,1.0
2524,23517,1.0,0.0
2525,46118,0.0,1.0
2526,27355,0.0,1.0
2527,10566,1.0,0.0
2528,29274,1.0,0.0
2529,4602,0.0,1.0
2530,19631,0.0,1.0
2531,42984,1.0,0.0
2532,16438,1.0,0.0
2533,10846,1.0,0.0
2534,21778,1.0,0.0
2535,27376,0.0,1.0
2536,4356,1.0,0.0
2537,49912,1.0,0.0
2538,50517,0.0,1.0
2539,26376,0.0,1.0
2540,15164,0.0,1.0
2541,50608,1.0,0.0
2542,25171,1.0,0.0
2543,50491,1.0,0.0
2544,6316,0.0,1.0
2545,31467,1.0,0.0
2546,11351,1.0,0.0
2547,13758,1.0,0.0
2548,17029,0.0,1.0
2549,8506,0.0,1.0
2550,4504,1.0,0.0
2551,19451,1.0,0.0
2552,4484,0.0,1.0
2553,9609,0.0,1.0
2554,421,1.0,0.0
2555,8367,0.0,1.0
2556,1853,1.0,0.0
2557,47880,0.0,1.0
2558,3529,0.0,1.0
2559,16409,0.0,1.0
2560,11612,1.0,0.0
2561,23043,0.0,1.0
2562,728,0.0,1.0
2563,33453,0.0,1.0
2564,52005,0.0,1.0
2565,26355,1.0,0.0
2566,48153,0.0,1.0
2567,25743,1.0,0.0
2568,52218,0.0,1.0
2569,15360,1.0,0.0
2570,26899,1.0,0.0
2571,16840,0.0,1.0
2572,1232,1.0,0.0
2573,33623,1.0,0.0
2574,11085,1.0,0.0
2575,35136,0.0,1.0
2576,18684,1.0,0.0
2577,23820,0.0,1.0
2578,14311,1.0,0.0
2579,52218,0.0,1.0
2580,6321,1.0,0.0
2581,9790,0.0,1.0
2582,2572,1.0,0.0
2583,33427,0.0,1.0
2584,29355,0.0,1.0
2585,26090,1.0,0.0
2586,10628,0.0,1.0
2587,7656,1.0,0.0
2588,12256,0.0,1.0
2589,6038,0.0,1.0
2590,24798,0.0,1.0
2591,3815,0.0,1.0
2592,35214,0.0,1.0
2593,40824,1.0,0.0
2594,18083,0.0,1.0
2595,8634,1.0,0.0
2596,8506,0.0,1.0
2597,11491,0.0,1.0
2598,24947,0.0,1.0
2599,21889,0.0,1.0
2600,21474,1.0,0.0
2601,14211,1.0,0.0
2602,33866,1.0,0.0
2603,7788,0.0,1.0
2604,45525,0.0,1.0
2605,51550,0.0,1.0
2606,52980,0.0,1.0
2607,26171,0.0,1.0
2608,44834,0.0,1.0
2609,13718,1.0,0.0
2610,3057,1.0,0.0
2611,21722,0.0,1.0
2612,8372,0.0,1.0
2613,25131,1.0,0.0
2614,1268,0.0,1.0
2615,9731,1.0,0.0
2616,794,1.0,0.0
2617,48688,0.0,1.0
2618,32013,0.0,1.0
2619,22129,1.0,0.0
2620,8527,0.0,1.0
2621,1762,0.0,1.0
2622,42770,1.0,0.0
2623,23369,0.0,1.0
2624,20005,1.0,0.0
2625,5482,1.0,0.0
2626,498,0.0,1.0
2627,13186,0.0,1.0
2628,9990,1.0,0.0
2629,29909,0.0,1.0
2630,17565,0.0,1.0
2631,8194,0.0,1.0
2632,5439,1.0,0.0
2633,11830,0.0,1.0
2634,22792,0.0,1.0
2635,11315,1.0,0.0
2636,45355,0.0,1.0
2637,4628,0.0,1.0
2638,42902,0.0,1.0
2639,15878,0.0,1.0
2640,17795,0.0,1.0
2641,22090,1.0,0.0
2642,52910,0.0,1.0
2643,6177,1.0,0.0
2644,31241,0.0,1.0
2645,8937,0.0,1.0
2646,22509,0.0,1.0
2647,8574,1.0,0.0
2648,14683,1.0,0.0
2649,29375,1.0,0.0
2650,5964,0.0,1.0
2651,291,0.0,1.0
2652,11017,1.0,0.0
2653,14131,1.0,0.0
2654,8952,1.0,0.0
2655,49737,0.0,1.0
2656,5640,0.0,1.0
2657,42671,1.0,0.0
2658,24198,0.0,1.0
2659,19602,1.0,0.0
2660,14499,1.0,0.0
2661,7807,0.0,1.0
2662,50345,1.0,0.0
2663,34185,1.0,0.0
2664,18973,1.0,0.0
2665,45984,0.0,1.0
2666,9951,0.0,1.0
2667,1758,1.0,0.0
2668,6960,0.0,1.0
2669,31166,0.0,1.0
2670,3089,0.0,1.0
2671,15632,0.0,1.0
2672,799,1.0,0.0
2673,16436,0.0,1.0
2674,25090,0.0,1.0
2675,2955,1.0,0.0
2676,30172,0.0,1.0
2677,30710,0.0,1.0
2678,19239,0.0,1.0
2679,30405,0.0,1.0
2680,51268,0.0,1.0
2681,7292,1.0,0.0
2682,35557,1.0,0.0
2683,11621,0.0,1.0
2684,13189,0.0,1.0
2685,10772,1.0,0.0
2686,11789,0.0,1.0
2687,31119,0.0,1.0
2688,11495,1.0,0.0
2689,44323,0.0,1.0
2690,21505,0.0,1.0
2691,19777,1.0,0.0
2692,11491,0.0,1.0
2693,29432,1.0,0.0
2694,13887,1.0,0.0
2695,15897,0.0,1.0
2696,27475,0.0,1.0
2697,16060,0.0,1.0
2698,35331,1.0,0.0
2699,27615,0.0,1.0
2700,30710,0.0,1.0
2701,21700,1.0,0.0
2702,13186,0.0,1.0
2703,36833,0.0,1.0
2704,10947,0.0,1.0
2705,3971,0.0,1.0
2706,3033,1.0,0.0
2707,18000,0.0,1.0
2708,6091,0.0,1.0
2709,47238,1.0,0.0
2710,9039,1.0,0.0
2711,35717,0.0,1.0
2712,7963,1.0,0.0
2713,9648,0.0,1.0
2714,3346,1.0,0.0
2715,9342,1.0,0.0
2716,24541,1.0,0.0
2717,12791,0.0,1.0
2718,26801,1.0,0.0
2719,18693,0.0,1.0
2720,24247,1.0,0.0
2721,47060,1.0,0.0
2722,24126,1.0,0.0
2723,45389,1.0,0.0
2724,5457,0.0,1.0
2725,45355,0.0,1.0
2726,40507,0.0,1.0
2727,1077,0.0,1.0
2728,37522,1.0,0.0
2729,34485,1.0,0.0
2730,31779,1.0,0.0
2731,15959,1.0,0.0
2732,8874,1.0,0.0
2733,28427,0.0,1.0
2734,25176,1.0,0.0
2735,3529,0.0,1.0
2736,24635,0.0,1.0
2737,8372,0.0,1.0
2738,44538,1.0,0.0
2739,3898,1.0,0.0
2740,10990,0.0,1.0
2741,22339,1.0,0.0
2742,23044,1.0,0.0
2743,27475,0.0,1.0
2744,43571,0.0,1.0
2745,13117,1.0,0.0
2746,6316,0.0,1.0
2747,15859,0.0,1.0
2748,815,1.0,0.0
2749,33858,1.0,0.0
2750,23946,0.0,1.0
2751,22433,0.0,1.0
2752,4263,1.0,0.0
2753,816,1.0,0.0
2754,32935,1.0,0.0
2755,4728,0.0,1.0
2756,41822,0.0,1.0
2757,25273,0.0,1.0
2758,14906,1.0,0.0
2759,17388,1.0,0.0
2760,42776,1.0,0.0
2761,39306,1.0,0.0
2762,17015,1.0,0.0
2763,49517,0.0,1.0
2764,14318,1.0,0.0
2765,4602,0.0,1.0
2766,44307,0.0,1.0
2767,16916,1.0,0.0
2768,19565,0.0,1.0
2769,33923,0.0,1.0
2770,32187,0.0,1.0
2771,30483,1.0,0.0
2772,33058,0.0,1.0
2773,33131,1.0,0.0
2774,45355,0.0,1.0
2775,30906,0.0,1.0
2776,15193,1.0,0.0
2777,1359,1.0,0.0
2778,8385,1.0,0.0
2779,30395,1.0,0.0
2780,19847,1.0,0.0
2781,22037,0.0,1.0
2782,39481,1.0,0.0
2783,24158,0.0,1.0
2784,52717,1.0,0.0
2785,45128,1.0,0.0
2786,35429,0.0,1.0
2787,9296,1.0,0.0
2788,37543,0.0,1.0
2789,17804,0.0,1.0
2790,3356,1.0,0.0
2791,12017,1.0,0.0
2792,16303,0.0,1.0
2793,41670,0.0,1.0
2794,12102,1.0,0.0
2795,29772,0.0,1.0
2796,4316,1.0,0.0
2797,17536,1.0,0.0
2798,1753,1.0,0.0
2799,22071,0.0,1.0
2800,994,0.0,1.0
2801,26741,1.0,0.0
2802,17971,1.0,0.0
2803,14164,1.0,0.0
2804,14250,1.0,0.0
2805,5230,0.0,1.0
2806,14246,1.0,0.0
2807,24890,0.0,1.0
2808,29740,1.0,0.0
2809,30267,0.0,1.0
2810,26362,0.0,1.0
2811,29918,0.0,1.0
2812,15173,1.0,0.0
2813,27541,1.0,0.0
2814,5585,1.0,0.0
2815,51060,1.0,0.0
2816,20267,1.0,0.0
2817,15650,1.0,0.0
2818,9020,0.0,1.0
2819,14663,1.0,0.0
2820,21883,1.0,0.0
2821,26108,1.0,0.0
2822,5994,1.0,0.0
2823,2760,1.0,0.0
2824,14783,1.0,0.0
2825,44424,1.0,0.0
2826,7133,0.0,1.0
2827,23653,1.0,0.0
2828,11607,1.0,0.0
2829,34562,0.0,1.0
2830,40717,1.0,0.0
2831,1385,0.0,1.0
2832,4254,1.0,0.0
2833,8038,1.0,0.0
2834,45606,1.0,0.0
2835,21753,0.0,1.0
2836,30527,0.0,1.0
2837,37223,0.0,1.0
2838,18481,0.0,1.0
2839,38702,0.0,1.0
2840,49153,1.0,0.0
2841,36317,0.0,1.0
2842,36256,0.0,1.0
2843,7175,0.0,1.0
2844,14893,1.0,0.0
2845,22426,0.0,1.0
2846,23397,0.0,1.0
2847,18613,1.0,0.0
2848,11466,1.0,0.0
2849,14576,0.0,1.0
2850,1453,1.0,0.0
2851,32560,1.0,0.0
2852,31839,1.0,0.0
2853,4797,1.0,0.0
2854,9609,0.0,1.0
2855,19001,1.0,0.0
2856,22433,0.0,1.0
2857,29776,0.0,1.0
2858,42812,0.0,1.0
2859,10944,1.0,0.0
2860,9269,1.0,0.0
2861,25948,1.0,0.0
2862,33740,1.0,0.0
2863,35679,0.0,1.0
2864,29198,0.0,1.0
2865,21670,1.0,0.0
2866,23984,1.0,0.0
2867,4599,1.0,0.0
2868,21587,1.0,0.0
2869,45486,1.0,0.0
2870,22469,0.0,1.0
2871,13189,0.0,1.0
2872,14195,1.0,0.0
2873,18033,0.0,1.0
2874,31230,0.0,1.0
2875,3110,0.0,1.0
2876,48727,1.0,0.0
2877,53093,1.0,0.0
2878,41489,0.0,1.0
2879,19565,0.0,1.0
2880,32447,0.0,1.0
2881,22273,1.0,0.0
2882,44052,1.0,0.0
2883,12270,0.0,1.0
2884,1385,0.0,1.0
2885,31719,0.0,1.0
2886,10990,0.0,1.0
2887,4829,1.0,0.0
2888,23431,0.0,1.0
2889,51040,1.0,0.0
2890,34655,0.0,1.0
2891,23402,0.0,1.0
2892,29743,0.0,1.0
2893,6193,0.0,1.0
2894,34962,1.0,0.0
2895,39844,1.0,0.0
2896,26630,0.0,1.0
2897,1268,0.0,1.0
2898,5319,0.0,1.0
2899,49459,0.0,1.0
2900,47314,0.0,1.0
2901,12084,0.0,1.0
2902,15040,0.0,1.0
2903,21899,1.0,0.0
2904,30393,1.0,0.0
2905,23090,0.0,1.0
2906,26407,1.0,0.0
2907,42640,1.0,0.0
2908,14273,0.0,1.0
2909,4185,0.0,1.0
2910,728,0.0,1.0
2911,17313,1.0,0.0
2912,36761,1.0,0.0
2913,14078,0.0,1.0
2914,4667,0.0,1.0
2915,32718,1.0,0.0
2916,22098,0.0,1.0
2917,21956,0.0,1.0
2918,15188,0.0,1.0
2919,33427,0.0,1.0
2920,18708,0.0,1.0
2921,1268,0.0,1.0
2922,19928,1.0,0.0
2923,3284,1.0,0.0
2924,8204,1.0,0.0
2925,10519,1.0,0.0
2926,48237,0.0,1.0
2927,28941,1.0,0.0
2928,22667,0.0,1.0
2929,13507,0.0,1.0
2930,31465,1.0,0.0
2931,3902,1.0,0.0
2932,12607,0.0,1.0
2933,4542,0.0,1.0
2934,16568,1.0,0.0
2935,15616,0.0,1.0
2936,24452,1.0,0.0
2937,41100,0.0,1.0
2938,443,1.0,0.0
2939,347,1.0,0.0
2940,6834,0.0,1.0
2941,33089,0.0,1.0
2942,12607,0.0,1.0
2943,30709,0.0,1.0
2944,21496,0.0,1.0
2945,23755,1.0,0.0
2946,18969,0.0,1.0
2947,46760,0.0,1.0
2948,46802,1.0,0.0
2949,18126,0.0,1.0
2950,25597,1.0,0.0
2951,33910,0.0,1.0
2952,3420,1.0,0.0
2953,1458,1.0,0.0
2954,27879,1.0,0.0
2955,14576,0.0,1.0
2956,12312,0.0,1.0
2957,9223,1.0,0.0
2958,11070,1.0,0.0
2959,16054,1.0,0.0
2960,7133,0.0,1.0
2961,15473,1.0,0.0
2962,24754,0.0,1.0
2963,31339,1.0,0.0
